crsihlzgFCg,Linus,LinusTechTips,tech news,Riley Murdock,tech,news,Steam,Discord,Stadia,Microsoft,Xbox,Edge browser,chromium,xbox one,xbox series x,xbox series s,game streaming,Stadia on Xbox,in home streaming,Xbox Game Pass,Nintendo,Nintendo Direct,USB C
p6RYpTbPDMg,Linus,LinusTechTips,tech news,Riley Murdock,tech,news,Apple,macOS,patch,macOS flaw,macOS security,hack,hacking,Mac,privacy,Surface,Surface Pro 8,Surface Laptop Studio,Surface Duo 2,Windows 11,2021,Surface Event
85Hbb8df5so,Linus,LinusTechTips,tech news,Riley Murdock,tech,news,Surface Pro 8,120Hz,leak,Surface event,Surface Duo 2,Surface Pro X,Microsoft,Microsoft Event,2021,review,specs,display,price,release date,Surface pro,LPTO,OLED,Surface display
CWHhO8NAJOU,Linus,LinusTechTips,tech news,Riley Murdock,tech,news,Google,Tensor,Pixel 6,Pixel 6 Pro,Tensor chip,Pixel tensor,ARM x1,processor,cpu,SoC,release date,specs,leak,price,launch,event
thx9hVgrXhQ,Linus,LinusTechTips,tech news,Riley Murdock,tech,news,Apple,iPhone 13,iPhone 13 Pro,iPhone 13 Pro Max,iPhone 13 Mini,iPad Mini,iPad,9th gen iPad,6th gen iPad Mini,A15 Bionic,USB C,USB Type-C,ProRes,specs,Apple Watch,Series 7,Cinematic Mode,features
lEwZTNQCxYQ,Linus,LinusTechTips,tech news,Riley Murdock,tech,news,Nvidia,GPU,GPU shortage,graphics card,stock,GPU stock,graphics cards in stock,buy graphics card,RTX 2060,RTX 2060 12GB,Geforce,litecoin,mining,mining GPU,cryptocurrency,PC gaming,PC gamer,cheap GPU
XqFQfaotKJI,Linus,LinusTechTips,tech news,Riley Murdock,tech,news,Apple,App store,iOS,Epic Games,Fortnite,Apple v. Epic,Epic v. Apple,vs,lawsuit,case,trial,ruling,Judge Yvonne Gonzalez Rogers,antitrust,monopoly,monopolist,payment,App Store payment,in-app purchases,link,anti-steering,injunction
0vz-pTclTiI,Linus,LinusTechTips,tech news,Riley Murdock,tech,news,RTX 3080 Ti 20GB,Nvidia,GPU,graphics cards,graphics,Intel Xe,Alchemist,Geforce,RTX 3080 Ti,20GB,VRAM,GDDR6,stock,GPU stock
qlKubWocKkg,Linus,LinusTechTips,tech news,Riley Murdock,tech,news,AMD,gpu,graphics card,RX 6600,pc gaming,stock shortage,shortage,chip shortage,GPU shortage,GPU stock,GPU price,MSRP,Radeon,release date,price,review,benchmarks
gU9w09tzkjs,Linus,LinusTechTips,tech news,Riley Murdock,tech,news,Microsoft,Xbox,Xbox Series X,Android,apps,Windows 11,Windows 11 Android,Windows 11 updates,Windows 11 android support,Android apps on Xbox,system requirements,processors,hardware,Android apps
UmaV-xrW2Gc,Linus,LinusTechTips,tech news,Riley Murdock,tech,news,Apple,Google,Android,iPhone,App Store,Play Store,South Korea,antitrust,monopoly,payment processor,third-party,Epic Games,law,South Korea law
o_czzvTTdHg,Linus,LinusTechTips,tech news,Riley Murdock,tech,news,Microsoft,Windows 11,unsupported install,unsupported hardware,unsupported,unsupported PC,Windows 11 requirements,hardware requirements,install Windows 11,security updates,windows update,drivers,features,Microsoft witholding updates
zF2KF-SVIXc,Linus,LinusTechTips,tech news,Riley Murdock,tech,news,Nvidia,RTX 3090 Super,Geforce,RTX 3090,RTX 30 Super,RTX Super,3090 Super,3090,graphics card,GPU,stock,buy,specs,leak,benchmark
ckXh1jZ7bDM,Linus,LinusTechTips,tech news,Riley Murdock,tech,news,Samsung,Galaxy Z Fold 3,Samsung Galaxy Z Fold 3,Galaxy Z Flip 3,unlock bootloader,unlock,bootloader,camera,Samsung disable camera,disable camera,Android
3Eeyfk05X-Q,Linus,LinusTechTips,tech news,Riley Murdock,tech,news,Apple,M1X,Mac Mini,M1X Mac Mini,Apple M1X,M1X Macbook,M1X Macbook Pro,Apple Silicon,M1X specs,M1X release date,M1X leaks
bnyujlc_vMU,Linus,LinusTechTips,tech news,Riley Murdock,tech,news,OnlyFans,Mastercard,Onlyfans bans porn,Onlyfans rules,terms of conduct,OnlyFans alternatives,OnlyFans payment,OnlyFans Mastercard
L8x8z4fcwHo,Linus,LinusTechTips,tech news,Riley Murdock,tech,news,AMD,Epyc,Genoa,96 cores,192 threads,multi-threading,CPU,server,AMD CPU,processor,Ryzen,Threadripper,best CPU
04oQLOsr6Ec,Linus,LinusTechTips,tech news,Riley Murdock,tech,news,Intel,Intel Arc,GPU,Xe-HPG,Alchemist,gaming GPU,Intel Arc GPU,Intel gaming GPU,Intel Xe graphics,Intel graphics,2022,release date,specs
4PZSnN4u4jU,Linus,LinusTechTips,tech news,Riley Murdock,tech,news,Apple,Google,Epic Games,app store,competition,antitrust,congress,senate,lawsuit,Play Store,monopoly,duopoly
y9qrAq7KBZY,Linus,LinusTechTips,tech news,Riley Murdock,tech,news,Apple,Corellium,lawsuit,iOS,emulator,Apple lawsuit,Apple vs Corellium,Apple vs Epic,Epic vs Apple,Epic Games,Samsung,Unpacked,Samsung Unpacked 2021,Galaxy Z Fold 3,Galaxy Z Flip 3,Galaxy Watch 4,Galaxy Buds 2
FABh3MKX4A4,Linus,LinusTechTips,tech news,Riley Murdock,tech,news,ASUS,Noctua,RTX 3070,collab,colalboration,ASUS Noctua,graphics card,Noctua cooler,Noctua graphics card,GPU,ray tracing,stock,chip shortage,release date,leak
u1Qn_KHM1GY,Linus,LinusTechTips,tech news,Riley Murdock,tech,news,GPU,store,retailer,stock,stock checker,graphics card,shortage,in stock,MSRP,Kwest,scam,scammers,AMD,Nvidia,Radeon,Geforce,RTX,RX,3070,3080,3090
iViNcWNfYBs,Linus,LinusTechTips,tech news,Riley Murdock,tech,news,Windows 11,Microsoft,upgrade,system requirements,TPM,TPM hack,TPM secure,TPM hacked,Dolos,eligible PC,minimum requirements
CcbPfz8kD7I,Linus,LinusTechTips,tech news,Riley Murdock,tech,news,Pixel 6,Pixel 6 Pro,Google,Google Pixel 6,Google Pixel 6 Pro,Pixel 6 announcement,Pixel 6 price,Pixel 6 release date,Pixel 6 specs,Tensor,Tensor chip,Tensor processor,Tensor SoC,Google SoC,Whitechapel,Pixel Tensor
j7IG8eVWy4I,Linus,LinusTechTips,tech news,Riley Murdock,tech,news,sONY,Playstation 5,PS5,software update,upgrade,M.2,SSD,storage,install,replace,support,PS5 SSD,PS5 M.2 SSD,upgrade PS5 storage,get more PS5 storage
ZuDyQv_AYBM,Linus,LinusTechTips,tech news,Riley Murdock,tech,news,Intel,20A,roadmap,rebrand,Intel 7,Intel 4,Intel 3,Intel 20A,Angstrom,nanometer,7nm,5nm,4nm,3nm,2nm,TSMC,Samsung,foundry,Qualcomm,Amazon
1jNZZAQwjno,Linus,LinusTechTips,tech news,Riley Murdock,tech,news,LG,AU optronics,refresh rate,gaming monitor,480Hz,360Hz,high refresh rate,480Hz gaming monitor
PPxstmVoiSM,Linus,LinusTechTips,tech news,Riley Murdock,tech,news,Arm,PlasticARM,bendy,flexible,CPU,processor,flexible chip,chip,plastic chip,cortex,silicon
tVM_5ZYQB68,Linus,LinusTechTips,tech news,Riley Murdock,tech,news,Nvidia,RTX 3090,Geforce,RTX,3090,Amazon,New World,MMO,closed beta,beta,menu,fps,framerate,brick,bricked,RTX 3090 bricked,Amazon Games,Jeff Bezos
ZREP2KoiWYA,Linus,LinusTechTips,tech news,Riley Murdock,tech,news,Nvidia,GDC 21,Game Developers Conference,2021,Arm,Arm gaming,gaming laptop,Mediatek,RTX,DLSS
FjpU54IoGYc,Linus,LinusTechTips,tech news,Riley Murdock,tech,news
0OhM5C1Cj08,Linus,LinusTechTips,tech news,Riley Murdock,tech,news
jjVtaq1vMH0,Linus,LinusTechTips,tech news,Riley Murdock,tech,news
8y9BpBk1f1k,Linus,LinusTechTips,tech news,Riley Murdock,tech,news,Google,lawsuit,36 states,antitrust,Google Play Store,30 percent,revenue,commission,fees,Galaxy Store,Samsung,Google lawsuit,Google sued
kxrWLP0KX5E,Linus,LinusTechTips,tech news,Riley Murdock,tech,news,Right to Repair,Biden,executive order,FTC,Trump,lawsuit,SEction 230,Right-to-repair,Repair,laws,Apple,consumer electronics,John Deere
uqwEw4hEFwo,Linus,LinusTechTips,tech news,Riley Murdock,tech,news,Kaseya,REevil,ransomware,attack,ransomware attack,cyberattack,malware,supply chain,hack,hackers,hacking group,Russia,VSA,IT software
O1N4GhA84Bo,Linus,LinusTechTips,tech news,Riley Murdock,tech,news
aleEl74qkXU,Linus,LinusTechTips,tech news,Riley Murdock,tech,news
MiDnMnDOvt4,Linus,LinusTechTips,tech news,Riley Murdock,tech,news
SHEWhTaYZC0,Linus,LinusTechTips,tech news,Riley Murdock,tech,news,Windows 11,TPM,compatibility,TPM 2.0,requirements,features,free,free upgrade,Windows 11 requirements,Windows 11 upgrade,Windows 11 features,check compatibility
GaumdXMg9IQ,Linus,LinusTechTips,tech news,Riley Murdock,tech,news,AMD,FidelityFX Super Resolution,FSR,AMD FSR,free performance,upgrade,framerate,fps,benchmarks,Radeon,games,FidelityFX,Super Resolution,upscaling,gaming,PC gaming,PC games,Windows 11
g6C3zDqXe-Q,Linus,LinusTechTips,tech news,Riley Murdock,tech,news,windows 11,performance,benchmarks,windows,11,windows 11 vs windows 10,processor,gaming,windows 11 features,windows 11 changes,windows 11 free,windows 11 price,upgrade,pc gaming
5TR5viGYjDQ,Linus,LinusTechTips,tech news,Riley Murdock,tech,news,Intel,DG1,graphics card,DG2,performance,benchmarks,chip,availability,release date,Intel DG2,Intel Xe,graphics,chip shortage,RTX 3070 Ti,launch
Aax7BSYqEO0,Linus,LinusTechTips,tech news,Riley Murdock,tech,news,Microsoft,Windows 11,Windows,11,Windows 10,Windows 10X,leak,build,preview,features,vs,Windows 11 vs Windows 10,leaked build,hands-on,UI,design,upgrade,free upgrade
t7LJcQW0ulM,Linus,LinusTechTips,tech news,Riley Murdock,tech,news,AMD,patent,hybrid,cpu,processor,APU,big.LITTLE,cores,Ryzen,Ryzen 8000,Apple Silicon,M1
7yub7hDEfzI,Linus,LinusTechTips,tech news,Riley Murdock,tech,news,Yvonne Ho,Windows 11,next gen,Windows,Windows 10,Xbox Game Pass,xCloud,streaming stick,2025
SwcqhZHB4To,Linus,LinusTechTips,tech news,Riley Murdock,tech,news,Google,Ohio,utility,Ohio sues Google,lawsuit,common carrier,Search,Google Search,antitrust,railroad,Alphabet,SEO,anti-competitive,Duck Duck GO
v8HY38VDRS8,Linus,LinusTechTips,tech news,Riley Murdock,tech,news,Apple,WWDC,iOS 15,iPadOS 15,macOS Monterey,Homekit,Facetime,Facetime Android,Facetime Windows,Universal Control,iCloud Plus,watchOS,keynote,Worldwide Developer Conference,WWDC 2021,WWDC21,Tim Cook,Craig Federighi,web app
3LfjmI1krJs,Linus,LinusTechTips,tech news,Riley Murdock,tech,news,AMD,Computex,2021,Radeon Pro,Radeon Pro W6800,graphics card,GPU shortage,GPU,stock,Lisa Su,RX 6800M,Radeon,Ryzen,APU,FidelityFX,Super Resolution,DLSS,PC gaming
718PVQ3Oty4,Linus,LinusTechTips,tech news,Riley Murdock,tech,news,Computex 2021,Nvidia,RTX 3080 Ti,RTX 3070 Ti,Geforce,1199,599,budget,GPU,gamers,gaming,PC gaming,graphics cards,chip shortage,AMD
3Kubz8IRF40,Linus,LinusTechTips,tech news,Riley Murdock,tech,news,Intel,Computex,11th gen,Rocket Lake,5Ghz,Computex 2021,keynote,laptop,ultraportable,games,playable,Intel Xe,graphics
gxPmvXKPqR8,Linus,LinusTechTips,tech news,Riley Murdock,tech,news,Nintendo,Switch Pro,Nintendo Switch Pro,E3 2021,specs,leaks,rumors,bloomberg,eurogamer,4K,OLED,display,Switch Pro release date
BV6-XRpFD3E,Linus,LinusTechTips,tech news,Riley Murdock,tech,news,Whatsapp,India,lawsuit,social media,rules,regulations,India vs Facebook,India vs Twitter,twitter,facebook
pyk9tip64KY,Linus,LinusTechTips,tech news,Riley Murdock,tech,news,Microsoft,Surface Duo,Xbox,Game Pass,Xbox Game Pass,Xbox Game Cloud,Xcloud,streaming,mobile,Apple
bYs_zn2pTZo,Linus,LinusTechTips,tech news,Riley Murdock,tech,news,Star Citizen,Invictus,free fly,MMO,game,PC game,flight sim,space game,Elite Dangerous,Star Citizen vs Elite Dangerous,Chris Roberts,history,controversy,discussion,analysis,2021,release date,roadmap,Riley,ltt
TwMMmp3qizI,Linus,LinusTechTips,tech news,Riley Murdock,tech,news,hard drive,ssd,solid state drive,seagate,mach.2,exos,2x14,14TB,terabyte,fastest hard drive,storage,PC storage,HDD,Sarah Butt
Wsw1p2B40E4,Linus,LinusTechTips,tech news,Riley Murdock,tech,news,AMD,Ryzen,Ryzen 5000,stepping,refresh,Vermeer,Ford,F-150 Lightning
mCUWWlO2Jtw,Linus,LinusTechTips,tech news,Riley Murdock,tech,news,Google IO,2021,Android 12,beta,Google,Samsung,Wear OS,Pixel 6,Pixel Watch,Google I/O
AxFmWkeat6E,Linus,LinusTechTips,tech news,Riley Murdock,tech,news
5bRAIhQoQ2M,Linus,LinusTechTips,tech news,Riley Murdock,tech,news,Elon Musk,Tesla,Bitcoin,Dogecoin,cryptocurrency,SpaceX,google,Starlink,renewable energy,fossil fuels,eco-friendly,environment,impact
aqlsgz8yFls,Linus,LinusTechTips,tech news,Riley Murdock,tech,news,Intel,Ryzen 9,Core 5,Intel Core i5,AMD Ryzen 9,H-series,11th gen,laptops,Intel 11th gen gaming laptop,Nvidia,RTX 3050,RTX 3050 Ti,Geforce,gaming laptop,RTX 3050 Ti gaming laptop,benchmark
iWu5fE3Vp8g,Linus,LinusTechTips,tech news,Riley Murdock,tech,news,Apple,AMD,ACPU,Integrated Graphics,Console,sony,PS5,Hack,Darksied,Government,Doge,Elon Musk
289M4VOwxoo,Linus,LinusTechTips,tech news,Riley Murdock,tech,news,mICROSOFT,aPPLE,epic,epic games,windows 10x,Xbox,cancelled
fGAHbzfpMu8,Linus,LinusTechTips,tech news,Riley Murdock,tech,news,Apple,Epic Games,Epic vs Apple,Epic v Apple,Epic Games vs Apple,lawsuit,trial,court,documents,fortnite,epic games store,apple tax,iOS,App store,money,revenue,profitable
-2Rd0A_WTDQ,Linus,LinusTechTips,tech news,Riley Murdock,tech,news,Intel,AMD,Spectre,speculative execution,vulnerability,flaw,bug,hack,exploit,performance,security
nl1tZx9knzA,Linus,LinusTechTips,tech news,Riley Murdock,tech,news,Nvidia,RTX 3080,RTX 3070,RTX 3060,mining limiter,hash rate,hash limiter,ethereum,refresh,RTX 30 series,Lite Hash Rate,PCI Device ID,cryptocurrency
cN8NFNw1TT0,Linus,LinusTechTips,tech news,Riley Murdock,tech,news,Apple,Epic Games,iMessage,Eddy Cue,Craig Frederighi,Android,iMessage on Android,obstacle,iPhones,Android iMessage,trial,deposition
IJUaOsOs814,Linus,LinusTechTips,tech news,Riley Murdock,tech,news,Apple,iOS 14.5,tracking transparency,IDFA,tracking,apple watch,emojis,siri,features,update,face unlock,face iD,face id mask,unlock iPHone mask
dN8nHAuxlEs,Linus,LinusTechTips,tech news,Riley Murdock,tech,news,Apple,lawsuit,Matthew Price,David Andino,Apple ID,iTunes,content,$24K,$25K,terminate,banned,lose,buy,purchase,California
uKBNqia7rUQ,Linus,LinusTechTips,tech news,Riley Murdock,tech,news,Discord,Microsoft,purchase,acquisition,Microsoft buys Discord,IPO,shares,initial public offering,chat app,features,Discord sale
gaKMywnji-A,Linus,LinusTechTips,tech news,Riley Murdock,tech,news,Apple,spring loaded,April 20,Apple event,M1,iMac,iPad Pro,M1 iMac,M1 iPad Pro,Apple TV 4K,purple iPhone,Airtags,Apple Card Family,Apple podcasts subscription
-dgznEuVl7A,Linus,LinusTechTips,tech news,Riley Murdock,tech,news,Nvidia,ARM,nvidia arm,uk,watchdog,acquisition,nvidia buys arm,who owns arm,who owns nvidia,CMA,CPU
RQQFPANmtPU,Linus,LinusTechTips,tech news,Riley Murdock,tech,news,Dogecoin,cryptocurrency,Coinbase,IPO,stock,stock price,sale,invest,doge,crypto,elon musk,tweet,meme stock,to the moon
ThAACSvrvdQ,Linus,LinusTechTips,tech news,Riley Murdock,tech,news,Oculus,Oculus Quest 2,Quest 2,upgrade,120Hz,Air link,Oculus Air link,wireless,PC VR,PC VR streaming,Quest 2 upgrade,Quest 120Hz,Quest 2 120Hz,Coinbase
uaLNMkwZOys,Techlinked,netlinked,Linus,Nvidia,CPU,NVidia CPU,ARM,Nvidia ARm cpu,Grace CPU,system on chip,Grace ARM CPU,Drive ATlan,Ampere GPU,GTC,Jensen Huang,GTC 2021,GPU Technology Conference,announcements,Quadro,RTX A5000,RTX A4000,Mediatek
64T-bnwmV3Y,Techlinked,netlinked,Linus,intel gpu,intel dg2,intel graphics card,intel,Xe,intel xe,gpu,graphics card,intel gaming gpu,leak,photos,PC gaming,pc gaming hardware
kbfGXRuPSAs,Techlinked,netlinked,Linus,Intel,11700K,price,reduction,price reduction,sale,11700K price,Ice Lake,10n,Xeon,Xeon Scalable,server,vs,Epyc,Milan,performance,review,benchmarks
9BUlNO09UgA,Techlinked,netlinked,Linus,LG Mobile,division,mobile,LG,phones,LG phones,quit,shutting down,close down,LG mobile division,LG Wing,Velvet,V30,V40,ThinQ,smartphone,LG smartphones,smartphone industry
zZLdwKjoM8Y,Techlinked,netlinked,Linus,Xbox,MLB The Show 21,Sony,Playstation,exclusive,Sony Interactive Entertainment,Game Pass,Xbox Game Pass
ZmddZjdpwes,Techlinked,netlinked,Linus,Intel,Rocket lake,11th gen,11900k,11600k,Core i9-11900K,Core i5-11600k,review,benchmark,vs,AMD,ryzen,5900X,Intel vs AMD,Rocket Lake vs Ryzen
l7-Vh3Ytdyk,Techlinked,netlinked,Linus,Intel,Core i9,11900k,Rocket lake,overclock,overclocked,7GHz,Rocket Lake 7GHz,overclock Rocket LAke,desktop,processors,chips,CPUs,lineup,release date,launch,review,benchmark
0lanb-qwZFE,Techlinked,netlinked,Linus
66gQYIuTdRc,Techlinked,netlinked,Linus,Microsoft,Discord,10 billion,acquisition,acquire,Microsoft Discord,chat,app,sale,IPO,going public
CzSOPlQQpfI,Techlinked,netlinked,Linus,SHORTS,Intel,foundry,manufacturing,chips,7nm,process,processors,CPU,Rocket Lake,Alder Lake,Meteor Lake,Ponte Vecchio,Intel Foundry services,Intel Unleashed,Engineering the Future,Arizona,factory,IDM 2.0,20 billion
SiFGa7ZKEB0,Techlinked,netlinked,Linus,Apple,iphone,iphone 12,iphone charger,box,charger in the box,iphone box,charger included,USB C,USB A,Brazil,Sao Paulo,fine
CszCx4GY0yI,Techlinked,netlinked,Linus,Intel,GPU,intel Xe,Xe GPU,HPG,Intel Xe HPG GPU,Xe HPG GPU scavenger hunt,Intel gaming GPU,INtel Xe gaming gpu,DG1,DG2,release date,launch,specs,benchmarks
IoaIQSIHuQs,Techlinked,netlinked,Linus,Intel,Evo,Mac guy,Justin Long,Mac vs PC,I'm a mac,I'm a PC,macbook,intel laptop,Justin gets Real,ads,intel mac ads
XOeBnGirfKc,Techlinked,netlinked,Linus,RTX 3060,mining,limiter,crypto,ethereum,cryptocurrency,crypto mining,beta driver,3060,RTX 3060 beta driver,unlock limiter,unhackable,hack
I8ac9hzagbs,Techlinked,netlinked,Linus,NFT,NFTs,non fungible token,Beeple,art,digital art,token,tokenized,69 million,Christie's,auction,artist,digital artist,Mike winkelmann,blockchain,crypto
t4TbEqKmdPc,Techlinked,netlinked,Linus,rtx 3060,ETHEREUM,mining,limiter,unhackable,hacked,3060 limiter,rtx 3060 mining,cryptocurrency,octopus,rtx 3060 hacked,hack,hash rate
YqR-klyztC0,Techlinked,netlinked,Linus,AMD,Radeon,mining,cryptocurrency,ethereum,amd mining gpus,GPU,graphics card,limiter,nvidia,CMP,gaming,Bitcoin
GIq3pcdz4Sw,Techlinked,netlinked,Linus,Intel,Intel 11th gen,Core i7,11700K,Core i7 11700K,review,benchmarks,Anandtech,embargo,release date,launch,11th gen desktop
WuP8tOEbO60,Techlinked,netlinked,Linus,Apple,Epic Games,Arizona,bill,legislation,Coalition for App Fairness,iOS,App Store,payment methods,Arizona bill
MKpzEne5_bc,Techlinked,netlinked,Linus,windows
her8pgQq2tU,Techlinked,netlinked,Linus,Valve,Steam,apple,epic games,lawsuit,data,sales,judge,subpoena
HZigkcTxRo0,Techlinked,netlinked,Linus,Nvidia,RTX 3060,cryptocurrency,Ethereum,mining,crypto mining,hash rate,limiter,hack,workaround,octopus,cortex
Q17rcFIcREY,Techlinked,netlinked,Linus,Apple,Mac,virus,Silver Sparro,malware,hack,infected,macbook,mac mini,m1,processor,x86,intel mac,hacked,antivirus,macOS
aSlI5dcpNE4,Techlinked,netlinked,Linus,Nvidia,RTX 3060,cryptocurrency,CMP HX,gpu,mining,crypto,limiter,hash rate,mining efficiency,driver,hack,rtx 3060 hack,rtx 3060 driver,ethereum,bitcoin
f-ArWrJ9_1s,Techlinked,netlinked,Linus,Apple,M1,Mac,Macs,viruses,mac viruses,malware,m1 malware,malwarebytes,macOS,M1 Macs,M1 Mac virus,M1 Mac malware
phCxSfr5__8,Techlinked,netlinked,Linus,Nvidia,arm,acquisition,nvidia arm acquisition,nvidia buys arm,does nvidia own arm,who owns arm,Arm processor,CPU,Qualcomm,Google,Microsoft,Apple,Mediatek,Nvidia arm,FTC,investigation
DmzquINN6rM,Techlinked,netlinked,Linus,Google,ios,App Store,update,privacy,nutrition labels,iOS 14,Shadow,Gmail,Google Maps,Google Photos,Google Drive,information,personal data,security
9HeUNK1Q_ms,Techlinked,netlinked,Linus,Epic Games,Unreal Engine,MetaHuman,digital human,character creator,best,worst,beta,early access,character creation tool,photorealistic,RPG
WqxzE1m2fzg,Techlinked,netlinked,Linus,Cyberpunk 2077,CD Projekt Red,CDPR,hack,cyberattack,source code,Witcher 3,Gwent,leak,auction,data,negotiate,hackers,ransom,ransomware
roVWQPxr3rE,Techlinked,Linus,Intel,benchmarks,M1,Apple M1,macbook,vs,M1 mac vs intel,M1 macbook,intel macbook,windows laptop,best,real world benchmarks,beat,better
2fk30NeNMiE,Techlinked,netlinked,Linus,Apple,headset,VR,AR,Apple VR headset,Apple AR headset,Apple Glasses,leak,rumor,prototype,8K,8K display,price,release date,Apple headset,resolution
eLBuUV6yEgI,Techlinked,netlinked,Linus,Bing,Australia,Google,legislation,link tax,Google vs Australia,Microsoft,news outlets,pay
VCFXd66O6zE,Techlinked,netlinked,Linus,Google,stadia,stadia developer,1st party games,exclusive,stadia exclusive,cancelled,shutting down,is stadia dying,will google cancel stadia,stadia games,SG & E,Stadia Games and Entertainment
PPCUC66K3Ek,Techlinked,netlinked,Linus,stonks,gamestop,gme,wallstreetbets,r/wallstreetbets,wall street bets,wall street,stock,short,to the moon,diamond hands,keith gill,shares,buy,investors,trade,robinhood,robinhood app,restrictions,market,stock market,discord,subreddit
qEh1gNxUH9Y,Techlinked,netlinked,Linus,Intel,DG1,graphics card,discrete GPU,PCIe,Intel GPU,Intel DG1,OEM,system,add in,BIOS,AMD,launch,release date,price,vs
fkr1sKjr5is,Techlinked,netlinked,Linus,Apple,iPhone 12,magsafe,not safe,electric,shock,pacemaker,defibrillator,heart,dangerous,magsafe dangerous
ciW3cGluA10,Techlinked,netlinked,Linus,Google,Australia,link tax,Google threatens australia,pull out,law,link tax law,France,deal,agreement
dY5lAAkDX8M,Techlinked,netlinked,Linus,Intel,Alder Lake-S,hybrid CPU,hybrid,CPU,design,processor,16 core,hyperthreading,12th gen,desktop,4GHz,SiSoftware,leaks,performance,benchmarks,overclock
skWWN8rHqQ4,Techlinked,netlinked,Linus,NVidia,graphics card,GPU,GT 1010,Pascal,2021,new release,product launch,release date,Ampere,GTX,RTX,Geforce,Nvidia GT 1010
hUdcurtyY4A,Techlinked,netlinked,Linus,Apple,Mac,Ming Chi Kuo,leaks,macbook pro,16,14,inch,16 inch Macbook PRo,Apple Silicon,M2,M1,chip,processor,iMac redesign,Mac Pro,Intel,ARM,touch bar,magsafe
rzSUMdOS5yc,Techlinked,netlinked,Linus,PC sales,2020,PC,PC vs Mac,Apple,Microsoft,Steam,players,Steam statistics,games played,gamers,PC gamers,sales
OCHDsn6K8qw,Techlinked,netlinked,Linus,Intel,CES 2021,Intel CEO,Bob Swan,Pat Gelsinger,replace,stepping down,investors,Intel roadmap,processors,11th gen,H series,desktop,mobile,laptops,notebooks
iOmX5PeU_lA,Techlinked,netlinked,Linus,CES,CES 2021,news,tech news,AMD,Ryzen 5000,mobile,Intel,11th gen,Nvidia,RTX 30 Mobile,RTX 30 series,RTX 3060,laptops,notebooks,announcements
XNsLVJql-HA,Techlinked,netlinked,Linus,CES 2021,CES,virtual CES,LG,LG rollable phone,lg virtual influencer,LG TV,2021 TVs,new TV lineup,new phones,2021 phones,folding phone,bending phone,flexible display,rollable,phone,rollable phone,LG Rollable
KeP1CGs2RRk,Techlinked,netlinked,Linus,Social media,Facebook,Twitter,Instagram,Reddit,r/donaldtrump,trump,news,incite
2zIKPKkgzm4,Techlinked,netlinked,Linus,USA,tariffs,GPUs,prices,America,rising prices,US tariffs,pc components,graphics cards,more expensive,ASUS,zotac,pny,gigabyte,china
Ogmqw1y71H4,Techlinked,netlinked,Linus,LG,bendable OLED TV,CES 2021,bendy,OLED,TV,display,curved,transform,transforming TV
zV2VEOHNCJU,Techlinked,netlinked,Linus,2021,Adobe,Flash,Adobe flash,dead,flash is dead,Adobe kills flash,flash support,flash support ending,end of support,flash games,play flash games,flashpoint,INternet Archive,best flash cartooons,best flash,games
l1B-xsSeoCM,Techlinked,netlinked,Linus,RTX 3080,cryptocurrency,Ethereum,mining farm,graphics cards,miners,crypto miners,crypto mining,Simon Byrne,Nvidia,Geforce,RTX 3080 Ti
F47INLQX_SA,Techlinked,netlinked,Linus,Samsung,Galaxy S21,Samsung Galaxy S21,preorder,purchase,release date,price,specs,display,camera,2021 phones
Fd1sXtkzgHw,Techlinked,netlinked,Linus,Christmas,Tech news,tech stories,biggest,christmas special,Apple,Arm,M1,epic games,m1 mac,macbooks,cyberpunk 2077,fix,glitch,bugs,2020
hHC42sPYrFE,Techlinked,netlinked,Linus,Intel,Rocket Lake,comet lake,2021,CES,processor,14nm,11th gen,desktop,11900K,Core i9,Core i7,11800K,leak,benchmarks,vs,Ryzen
uzJxxtuffkg,Techlinked,netlinked,Linus,Microsoft,Apple,M1,chip,Arm,processor,in-house,design,custom,CPU,SoC,Azure,Surface,Surface Pro X,Windows on Arm,macOS
bXT3F1Bisco,Techlinked,netlinked,Linus,Google,Facebook,antitrust,advertising,digital,ads,digital ads,adsense,adwords,Texas,lawsuit,antitrust lawsuit,Google antitrust,Facebook antitrust,privacy,tracking,scheme,illegal,big tech
uLO4K3Rd0yc,Techlinked,netlinked,Linus,Cyberpunk 2077,bugs,glitches,performance,fix,console,PC,GPU,graphics cards,framerate,software,update,launch,settings,fps
ELUea74ZQcQ,Techlinked,netlinked,Linus,Nvidia,Hardware Unboxed,graphics cards,founders edition,review samples,scandal,controversy,Geforce,RTX 3080,RTX 3090
ePiFoGQRbRg,Techlinked,netlinked,Linus,Cyberpunk 2077,game,release,launch,performance,review,gameplay,trailer,bugs,glitches,seizures,epilepsy,CD Projekt Red
ipJb4mB5bMA,Techlinked,netlinked,Linus,Apple,M1,M2,M1X,32 cores,8 cores,cores,core count,ARM,macbook pro,2021,2020,16 inch macbook pro,Apple M1,Apple M2
qrmmfvDlDto,Techlinked,netlinked,Linus,amd,smart access memory,amd smart access memory,intel,intel smart access memory,BAR,re-size BAR,cpu,gpu,memory,gpu memory
QUv6h0eFCjg,Techlinked,netlinked,Linus,Nvidia,RTX 3060 Ti,3060 Ti,3060,Geforce RTX 3060 Ti,graphics card,GPU,review,performance,benchmarks,vs,RX 6800,RX 6800 XT,rtx 2080,rtx 2080 ti,2080 super,stock,in stock,out of stock
15ZMevEUp8s,Techlinked,netlinked,Linus,Ransomware,Manchester United,Google,Facebook,Antitrust,Lawsuit,Apple,Fines,Water,Italy,Black Friday,Cyber Monday,Microsoft,Meetings
BjRcNFgNo-g,Techlinked,netlinked,Linus,Nvidia,RTX 30 series,RTX 3080,RTX 3090,cryptocurrency,miners,crypto miners,crypto,mining,cryptocurrency mining,Ethereum,Bitcoin,stock,low stock,in stock,out of stock
Dzsv7x0JcXE,Techlinked,netlinked,Linus,Sony,PS5,performance,teraflops,frame rate,fps,resolution,60fps,120fps,ray tracing,benchmark,PS5 vs. Xbox Series X,games,versus,comparison,best console,best console 2020
o8167-tkPzM,Techlinked,netlinked,Linus,Intel,AMD,laptops,notebooks,battery,AC,power,performance,drop,benchmarks,ryzen 4000 battery,ryzen 4000,tiger lake,better battery,performance drop
clo2Gq5Gydg,Techlinked,netlinked,Linus,Nintendo,Super Smash Bros,The Big House,tournament,Slippi,netcode,online,cease and desist,cancelled,DMCA,takedown,Twitch,Hyrule Warriors,Age of Calamity,Hyrule Warriors: Age of Calamity,Melee
Bh77rAiIJ8o,Techlinked,netlinked,Linus,AMD,Radeon,RX 6800,RX 6800 XT,review,benchmarks,performance,price,release date,order,stock,in stock,graphics card,RTX 3080,RTX 3070,vs
vIGfLr8F2yg,Techlinked,netlinked,Linus,AMD,Instinct,MI100,AMD MI100,AMD Instinct MI100,FP64,10 TFlops,11.5 tflops,performance,compute,gpu,AMD GPU,best AMD GPU,Radeon
JRCGeW3yOmA,Techlinked,netlinked,Linus,Xbox Series X,Playstation 5,PS5,launch,games,glitch,hard drive,clicking,issues,ps5 storage glitch,bricked,bricked consoles,exclusives,order
Z6K1eOOsnGo,Techlinked,netlinked,Linus,Apple Silicon,M1,chip,ARM,Macbook Air,MAcbook Pro,MAc Mini,ARM Mac,Apple Silicon Macs,M1 Mac,M1 Macbook,A14
PewOw8dBGEc,Techlinked,netlinked,Linus,Android nougat,secure websites,android security,older android versions,upgrade android,how to upgrade android,update,android 7,latest android
_77ahFcXrQ8,Techlinked,netlinked,Linus
u2UGqLvq0_k,Techlinked,netlinked,Linus,Nvidia,RTX 3060 Ti,RTX 3050 Ti,leaks,rumors,price,specifications,performance,release date,Geforce
m-Ob3aq-wrg,Techlinked,netlinked,Linus,UK,Lockdown,NVIDIA,3060 Ti,Intel,Iris XE Max,GPU,Graphics,PS5,Xbox,BitCoin,Facebook,Crysis
Z_T0vXkA2oc,Techlinked,netlinked,Linus,Intel,Rocket Lake,11th gen,desktop,processors,Rocket lake specs,architecture,Cypress Cove,AVX-512,PCIe 4.0,Intel vs AMD,gaming processor
BM9TrKki2X4,Techlinked,netlinked,Linus,AMD,Radeon,RX 6000,RX 6900 XT,RX 6800 XT,RX 6800,RTX 3070,Geforce,graphics cards,best graphics card,2020
yu1TZGKO1Oc,Techlinked,netlinked,Linus,AMD,Ryzen,Ryzen 5000,Ryzen 5600X,single core,single core performance,gaming,best gaming CPU,processor
fPcd2egOQnI,Techlinked,netlinked,Linus,Xbox,Xbox streaming stick,streaming stick,xcloud streaming,xcloud,xcloud streaming stick,HDMI stick,2020,xcloud vs stadia
kwy-u-LPLkY,Techlinked,netlinked,Linus,Google,antitrust,lawsuit,department of Justice,DOJ,search,monopoly,google antitrust
CCjlU7uLXgs,Techlinked,netlinked,Linus,Xiaomi,wireless charging,80W,80 watt,80 watts,Magsafe,iPhone 12,iPhone 12 Pro,iPhone 12 mini,speed,charging speed,phone
CfmzxyvKZ1w,Techlinked,netlinked,Linus,Xbox,Gamestop,deal,Xbox gamestop deal,digital revenue,Sony,Microsoft gamestop,revenue share,Playstation 5,sales,next-gen console
6fHYYv9Nm1s,Techlinked,netlinked,Linus,Apple,iPhone 12,iPhone 12 mini,iPhone 12 Pro,iPhone 12 Pro Max,OnePlus 8T,OnePlus,8T,launch,livestream,event,specs,vs,review
TI_-1dZJrk4,Techlinked,netlinked,Linus,Nvidia,RTX 3080,RTX 3090,online store,nvidia store,stock,out of stock,in stock,RTX 3080 stock,RTX 3090 stock,scalpers,selling,3080
bsQL0vdAs4E,Techlinked,netlinked,Linus,AMD,Ryzen 5000,Ryzen 9 5950X,Ryzen 9 5900X,Ryzen 7 5800X,Ryzen 5 5600X,Zen 3,Gaming performance,release date,Nov. 5,launch,Ryzen launch,Ryzen vs Intel
zgz2buG6O8I,Techlinked,netlinked,Linus,Sony,Playstation 5,PS5,PS5 teardown,playstation 5 teardown,PS5 specs,PS5 internals,components,unboxing
H9p4-pzoz-Y,Techlinked,netlinked,Linus,Nvidia,Quadro,Tesla,A6000,A40,48GB,VRAM,48GB VRAM
6Pbs_SSAYOY,Techlinked,netlinked,Linus,nvidia,rtx 3070,delay,launch,release date,geforce rtx 3070,rtx 3070 delay,ryzen leaks,star wars squadrons
g_e7TRMcafQ,Techlinked,netlinked,Linus,AMD,RX 6900 XT,RX 6800 XT,RX 6700 XT,ryzen 5000,vermeer,ryzen 9 5950x,leak,radeon,big navi,navi 21
pW8I3C4PzU0,Techlinked,netlinked,Linus,Nvidia,RTX 3080,RTX 3080 crash,3080 crash,MSI,ASUS,Zotac,EVGA,graphics card,fix,cause,how to fix
Cucs-ZLzp_E,Techlinked,netlinked,Linus,Epic Games,coalition for app fairness,epic vs apple,Apple,epic lawsuit,Apple lawsuit,hearing,lawsuit,Spotify,tile,judge,case,monopoly,App Store,Apple tax,30%
il6qzbDUYaA,Techlinked,netlinked,Linus,preorders,launch,release date,specs,Xbox SEries X,Xbox,Xbox Series X preorder,Xbox Series X stock,Series S,Xbox Series S preorder,Xbox REmote play,Xcloud,iOS
NZDiHGjNcrM,Techlinked,netlinked,Linus,Microsoft,Bethesda,Zenimax,Arkane,id software,Fallout,Doom,Elder Scrolls,Quake,Xbox,PS5 exclusive,Playstation 5 exclusive,Microsoft buys Zenimax,Playstation 5,Deathloop,Ghostwire Tokyo
hnOmghy5B7Y,Techlinked,netlinked,Linus,RTX 3080,launch,pre-order,Playstation 5,Nvidia,Sony,scandal,failure,ebay,scalper,bot,resellers,how to buy,Best Buy,Walmart,Amazon
humm76l-UyI,Techlinked,netlinked,Linus,Sony,Playstation 5,event,PS5,price,PS5 price,PS5 release date,PS5 games,PS5 launch,PS5 lineup,PS5 vs. Xbox Series X
VIk3xsJnrr8,Techlinked,netlinked,Linus,Nvidia,ARM,nvidia arm,nvidia buys arm,AI,machine learning,Qualcomm,Snapdragon
pTQJyZXBlkE,Techlinked,netlinked,Linus,Amazon,Amazonbasics,fire,catch fire,combust,explode,microwave,USB cord,price gouging,amazon price gouging,pandemic profit
C-Brd_ayy1s,Techlinked,netlinked,Linus,Xbox Series S,Xbox Series X,price,release date,pre-order,CPU,GPU,specs,games,Xbox All Access,EA Play,Xbox Game Pass,new Xbox
Cj7F_2CiaPM,Techlinked,netlinked,Linus,Epic,Apple,Epic Games,lawsuit,suit,legal,fight,Epic vs Apple,Fortnite,App Store,antitrust,hearing,ruling
Wjmzg5hLrnk,Techlinked,netlinked,Linus,FAcebook,accounts,research,opinions,fake news,election,misinformation,news,instagram,delete account
p0OXk5lL0CQ,Techlinked,netlinked,Linus,iNTEL,11th gen,INtel Core,Intel Evo,Tiger Lake,thin and light,notebooks,ultrabooks,Project Athena,performance,10nm,laptops,2020 laptops
KclnA37sj6Q,Techlinked,netlinked,Linus,Nvidia,RTX 3090,Ampere,event,Nvidia event,livestream,announcement,graphics card,RTX 3080,video card,games,performance,ray tracing,specs,RTX 3090 price
yOcZmmg186Y,Techlinked,netlinked,Linus,FAcebook,Apple,app,App store,FAcebook app,30%,Apple tax,Epic Games,Fortnite,Apple developer
I2c8X7s5_jA,Techlinked,netlinked,Linus,apple,epic,games,facebook,oculus,tech,ncix,lg,wings,unreal,huawei,5g
NXz2xwswUcE,Techlinked,netlinked,Linus,Corsair,IPO,Corsair public,public company,stock,shares,Corsair shares,TikTok,Apple,Epic
BE37DVO_SK0,Techlinked,netlinked,Linus,Apple,Epic,Epic games,fight,lawsuit,news publishers,Digital Content Next,Washington Post,New York Times,30% cut,App Store cut,Apple tax,fortnite
QlSY0YSvwB8,Techlinked,netlinked,Linus,Apple,2 trillion,Apple 2 trillion,2 trillion company,Apple value,Epic GAmes,Apple Epic,antitrust,App store,30% cut,Apple tax
20TEN5hYBQY,Techlinked,netlinked,Linus,Apple,repair shop,independent repair shop,Mac,repair mac,Mac parts,fix macbook,Epic Games,Fortnite,Unreal Engine,App Store,injunction,lawsuit
ONWCf1RJ438,Techlinked,netlinked,Linus,Epic Games,Apple,Google,App STore,Play Store,monopoly,antitrust,Fortnite,Fortnite banned,Fortnite ban,lawsuit,Epic lawsuit
p-vcjtfBIUk,Techlinked,netlinked,Linus,Microsoft Surface Duo,release date,price,specs,$1399,Sept. 10,launch,pre-order,review,Surface Duo,Surface,Duo,Surface Duo phone,Microsoft,Android phone
egop1jwc_Xs,Techlinked,netlinked,Linus,RTX 3080,Ampere,launch,announcement,teaser,21 days,21 years,Nvidia,graphics card,RTX 3000,next-gen,release date,launch date,event
UHptZBnYo-M,Techlinked,netlinked,Linus,Tiktok,WeChat,ban,tiktok ban,wechat ban,app,microsoft,buy,microsoft buy tiktok,Trump,executive order,Chinese apps,China
4c8RhoLMZmY,Techlinked,netlinked,Linus,Samsung Unpacked 2020,Galaxy Note 20,Galaxy Note 20 Ultra,Galaxy Z Fold 2,Galaxy Watch 3,Galaxy Buds Live,Galaxy Tab S7,hands on,first look,showcase,livestream
gqX9lRL81XE,Techlinked,netlinked,Linus,Google,Pixel,Google Pixel,Pixel 4a,Pixel 4a 5G,Pixel 5,announcement,release,review,hands-on,first look,specs,price,release date,2020 Pixel
7trv8KWD7oA,Techlinked,Linus,Apple,Macbook,ARM Macbook,Apple ARM,Apple Silicon,leak,specs
5JJn0uAQ6wE,Techlinked,netlinked,Linus,Intel,7nm delay,TSMC,AMD,Intel 7nm,7nm processor,roadmap,delayed,murthy renduchintala,Intel 10nm
5smV07iEDR8,Techlinked,netlinked,Linus,Qualcomm,Quick Charge 5,100W,charging,100 watt charging,phone charging,50 percent in 5 minutes
MziFeockYB0,Techlinked,netlinked,Linus,Xbox Games Showcase,Halo Infinite,gameplay,trailer,Master Chief,graphics,PC,rendered,detail,Halo Infinite graphics
-QTrgs0t2lQ,Techlinked,netlinked,Linus,AMD,Ryzen,Ryzen 4000,G-series,Ryzen 4000 G-series,Ryzen APU,Ryzen 7 4750G,pre-built,OEM
EoDd0hRqs6Y,Techlinked,netlinked,Linus,PS5,buy,stock,production,units,playstation 5,sony,release date,launch,games,teraflops,graphics,SSD,pre-order
2xloRVoLoic,Techlinked,netlinked,Linus,Twitter,hack,Twitter hack,verified,Twitter accounts,hacked,Bitcoin scam,Bill GAtes,Elon Musk,Jeff Bezos,Barack Obama
OYJ-Ve2eOwo,Techlinked,netlinked,Linus,amd,THREADRIPPER PRO,threadripper,pro,launch,processors,workstations,3995WX,3975WX
Vcx7iJ6kuGs,Techlinked,netlinked,Linus,ps5,playstation,console,pcmr,google,oppo,farcry,ubisoft,gaming,news
YmFufMFGlYM,Techlinked,netlinked,Linus,sony,ps4,epic,playstation,apple,maps,spider,man
v3dXdVnsb_8,Techlinked,netlinked,Linus,tiktok,youtube,ufo,google,samsung,amd,ryzen,xt,3000,series,nvidia,intel,pcmr,computers
3fmGQDpicqM,Techlinked,netlinked,Linus,google,nba,gaming,news,pcmr,apple,amazon,bmw,car,fitbit,data
3_jwgOJo5zg,Techlinked,netlinked,Linus,Disney,Samsung,Leak,Note 20,Website,Deepfake,Gigabytes,Storage,Dreams,Google,Photos,Backup,VR,Nintendo,eShop,Apple
QBEItnHiqKM,Techlinked,netlinked,Linus,AMD,Big Navi,Navi 31,macOS Big Sur,macOS 11,Radeon,AMD Navi,RDNA 2,RDNA 3,Navi 21,Navi 22,Navi 23,graphics card,AMD GPU
EUA55H0HKVE,Techlinked,netlinked,Linus,Apple,antitrust,investigation,apple antitrust,hey email app,apple app store,hey app store,hey email,basecamp,approve,subscription,ARM,Apple Silicon
EKFuIGd5S3o,Techlinked,netlinked,Linus,Intel,10th gen,benchmark,controversy,superior performance,intel graph,intel laptop,marketing,gaming performance,gpu,intel controversy,intel criticism
e6iTeRCWYKI,Techlinked,netlinked,Linus,Apple,WWDC,Apple Silicon,ARM,processors,arm processors,in house,Apple ARM,Apple ARM processors,ARM macbooks,ARM macOS,macOS Big Sur,iOS 14,2020,WWDC 2020
B_Ql-UKLaRM,Techlinked,netlinked,Linus,Intel,Intel Xe,Xe graphics,graphics card,Xe graphics card,integrated graphics,iGPU,laptop,Tiger Lake,APU,launch date,release date,benchmarks
8adwVmt_CH8,Techlinked,netlinked,Linus,Ryzen XT,Ryzen 3000 XT,Ryzen 5 3600XT,Ryzen 7 3800XT,Ryzen 9 3900XT,launch,release date,specs,price,MSRP,Zen 3,Zen 2 refresh,AMD,new Ryzen,Ryzen
4W-7SVvhUzY,Techlinked,netlinked,Linus,Hackintosh,Opencore,Apple,lawsuit,legal,sell hackintosh,buy hackintosh,build hackintosh,PC build,hackintosh legal
D6xtFZu5RWM,Techlinked,netlinked,Linus,Sony,ps5,playstation 5,reveal,console,look like,what does the ps5 look like,memes,sauron,games,spider-man,miles morales,horizon forbidden west,ps5 games,ps5 livestream,ps5 release date,sony ps5
pZo0r45xxC0,Techlinked,netlinked,Linus,Nvidia,RTX 3080,AMpere,graphics card,heatsink,leak,photo,images,RTX 3000,RTX 3090,Geforce,launch,release date
4oFz309_vno,Techlinked,netlinked,Linus,Twitch,DCMA,copyright claim,copyright,takedown,DMCA claims,Twitch clips,Twitch copyright,Twitch DMCA
A00Rjbs6TIM,Techlinked,netlinked,Linus,Big Navi,RDNA 2,Xbox Series X,Playstation 5,AMD,Radeon,launch,graphics card
gdQde6GXNuU,Techlinked,netlinked,Linus,Game Gear Micro,handheld,tiny,handheld console,Sega,Sega Game Gear Micro,games,game gear micro games,smallest
ipFJGZOHN_o,Techlinked,netlinked,Linus,phones,sales,phone sales,phone sales down,smartphone,smartphone sales,global smartphone sales,decline,impact,economy,covid economy,coronavirus,covid-19,economic impact
vDiKW23-9Ek,Techlinked,netlinked,Linus,Steam,Steam Cloud Play,cloud gaming,game streaming,subscription,Steam Cloud,Geforce Now,Twitter,Trump,executive order,section 230,Valve
y4PsaGwb3Nw,Techlinked,netlinked,Linus,SpaceX,Crew Dragon,flight,NASA,launch,weather,scrubbed,launch scrubbed,abort,Crew,Dragon,SpaceX Crew Dragon,ISS,launch date,livestream
gLBEvMnaNfQ,Techlinked,netlinked,Linus,AMD,Ryzen,Ryzen 9 3900XT,Ryzen 7 3800XT,Ryzen 5 3600XT,leak,boost clock,base clock,refresh,Ryzen refresh
miHJn0joMkU,Techlinked,netlinked,Linus,Internet,speed,internet speed,fastest internet,boost,speed boost,boost internet speed,Australia,researchers,44.2 terabits,44.2 tbps,australian scientists
Lr_MHVdAHn4,Techlinked,netlinked,Linus,AMD,Zen 3,Ryzen 4000,X470,B450,B550,X570,support,Zen 3 support,motherboards,BIOS,upgrade,compatibility,Intel 10th gen,desktop processors,Core i9 10900K
6_s2mCrq724,Techlinked,netlinked,Linus,Supercomputer,hacking,cryptomining,cryptominers,cryptomining attack,cryptomining hack,hackers,ARCHER,University of Edinburgh,Germany,Monero,cryptominer
4bbn-o0kWJk,Techlinked,netlinked,Linus,Nvidia,DGX A100,Ampere,RTX 3000,RTX 3080,3080 Ti,RTX 3080 Ti,A100,datacenter
WCf5td4diQw,Techlinked,netlinked,Linus,Unreal Engine 5,demo,UE 5,unreal demo,nanite,lumen,developers,release,next-gen,PS5,Playstation 5,gameplay,reveal,trailer,Xbox Series X,Geoff Keighley,SSD,PS5 SSD,specs
zpkmerkIyZ8,Techlinked,netlinked,Linus,playstation 5,ps5,gameplay,unreal engine 5,unreal,demo,nanite,lumen,lighting,next-gen,triangles,baking,2020,ps5 gameplay,ps5 demo,unreal engine demo
cot5WWZuyDo,Techlinked,netlinked,Linus,Ryzen 3,3100,3300X,Ryzen 3 3100,Ryzen 3 3300X,overclock,LN2,5.2GHz,5GHz,6GHz,Wraith cooler,TSAIK
41srowy8QJw,Techlinked,netlinked,Linus,AMD,Ryzen 4000,B550,X570,X470,Zen 3,compatibility,support,BIOS update,PCIe 4.0,2020,launch,upgrade
FWPns2Nk6Ts,Techlinked,netlinked,Linus,Surface,Surface Book 3,Surface Go 2,Surface Headphones 2,Surface Earbuds,2020,specs,review,battery life
sx56pURfgPs,Techlinked,netlinked,Linus,overclock,cpu,intel cpu,overclock intel,ASRock,10th gen,Comet Lake,Rocket Lake,Z490,Core i7,Core i5,Core i3,i7,i5,i3,overclock i3,overclock pentium
RmUR2XSXu2U,Techlinked,netlinked,Linus,Intel,10th gen,Intel 10th gen,desktop,Comet Lake,Intel Core i9 10900,core,hyperthreading,Core i3,Core i5,Core i7,14nm,SKylake,performance,review,benchmarks,Intel vs. Ryzen
-9-z-L2jnlI,Techlinked,netlinked,Linus,Samsung Galaxy S20,ultra,camera,glass,shatter,shattering,broken,breaking,s20 ultra,s20,s20 glass,s20 glass shatter
E9ejmgOX6Eg,Techlinked,netlinked,Linus,Nvidia,Ampere,GTC 2020,graphics cards,GPU,new,Nvidia 2020,RTX 3080,RTX 3000,event,keynote,Jensen Huang,leak,news
KQaIa2V22EA,Techlinked,netlinked,Linus,apple,mac,2021,arm,custom,chip,processor,apple custom processor,arm macbook,arm mac,arm powered,imac,notebook,apple chip,a14
eUKcECB-II4,Techlinked,netlinked,Linus,Motorola,Edge Plus,Motorola Edge Plus,waterfall display,specs,snapdragon 865,12GB RAM,phone,5G,headphone jack,2020
VpP2fyqJvUA,Techlinked,netlinked,Linus,Nintendo,Switch,Nintendo Switch,hack,Switch hack,2 factor authentication,two factor,2-factor,2 factor,hacking,hack Nintendo Switch,root,jailbreak,homebrew
qgo2E6JkaoE,Techlinked,netlinked,Linus,contact tracing,apple,google,bluetooth,app,covid,coronavirus,contact tracing app,API,contact tracing api,security,privacy,will contact tracing work,contact tracing won't work
-pUz9fIwvxk,Techlinked,netlinked,Linus,Apple,iPhone SE,2020,new iPhone SE,launch,release,specs,review,hands on,2020 iPhone SE,size,price
EaVtFICBFMc,Techlinked,netlinked,Linus,iPhone 12,Apple,iPhone 9,iPhone 2020,iPad Pro,2020,Homepod,iPhone 5,design,leak,rumor,release date,launch,apple event
esNwy47BMFA,Techlinked,netlinked,Linus,Apple,Google,Covid-19,contact tracing,app,bluetooth,social distancing,collaboration,Apple Google,Google Apple
_ki5kpwJ8J0,Techlinked,netlinked,Linus,Intel,Intel 10th Gen,Comet Lake,Comet Lake-H,Comet Lake-S,desktop,processors,desktop processors,release date,specs
QAeOqb7SFqs,Techlinked,netlinked,Linus,RTX Super Mobile,RTX,Super,Mobile,GPU,rtx super mobile laptop,RTX 2070 Super,RTX 2080 Super,Intel 10th gen,Comet Lake-H,processors,laptops,razer blade 15,benchmarks
AeB3kUk5FBI,Techlinked,netlinked,Linus,Zoom,video call,hack,flaw,vulnerability,hacked,zoom hack,security,best video call app,best app,video calling,Zoom tips,how to use Zoom
rIORxdZeE3w,Techlinked,netlinked,Linus,Intel,Intel 10th gen,Intel 10th gen mobile,Intel 10th gen desktop,Intel Core i9,core i9,10980HK,10980KH,laptop,gaming laptop,vs Ryzen
XhboCWdMTwk,Techlinked,netlinked,Linus,AMD,hacked,xbox series x,gpu,RDNA 2,source code,AMD graphics,leak,leaked,Xbox graphics,Xbox series x hack,AMD hack
c67rW9gqfzg,Techlinked,netlinked,Linus,Apple,iPad Pro,2020 iPad Pro,ipados 13.4,ios 13.4,mouse support,trackpad,keyboard,ipad mouse,ipad mouse support,universal purchase,icloud drive folder sharing,macbook air,2020
OEsKJdjGzU4,Techlinked,netlinked,Linus,Netflix,480p,quality,streaming quality,low quality,high quality,fix,resolution,HD,4K,YouTube,Netflix quality
9ocWnS_7vwE,Techlinked,netlinked,Linus,Apple,iPad Pro,new iPad Pro,2020,iPad Pro 2020,new Macbook Air,Macbook Air 2020,Macbook Air,mouse support,trackpad,keyboard folio,iPadOS,iPad mouse,iPad mouse support,iPadOS 14
1TmnKafB3_k,Techlinked,netlinked,Linus,Xbox Series X,Specs,launch,release,details,Zen,CPU,RDNA 2,GPU,NVMe SSD,backwards compatible,games,gameplay,demo,Austin Evans
m6EAk1iHqeM,Techlinked,netlinked,Linus,windows 10,flaw,vulnerability,fix,bug,virus,SMBv3,protocol,wormable,Wannacry,hack,attack,security,update
_1lqaoZhGHU,Techlinked,netlinked,Linus,intel flaw,LVI,load value injection,vulnerability,hack,hackers,attack,cyberattack,DDOS,how to hack,intel processor,intel cpu,intel hack
N9VFDv4JSPY,Techlinked,netlinked,Linus,AMD,Take A Way,vulnerability,flaw,CPU,hole,bug,virus,weakness,processor,Intel
9afgqnN9u-o,Techlinked,netlinked,Linus,android,iphone,project sandcastle,corellium,install android on iphone
nnm4DOqXx9A,Techlinked,netlinked,Linus,Nvidia,RTX Super,RTX Super laptops,notebooks,gaming laptop,RTX 2080 Super,RTX 2070 Super,RTX 2080 Super laptop,RTX 2070 Super laptop,mobile,graphics card
GBXTljr2o6I,Techlinked,netlinked,Linus,Apple,settlement,iphone,slowdown,Apple slowing down iphones,500 million,lawsuit,throttle,throttling,iphone throttling,payment,reward
GeG3st-2wCE,Techlinked,netlinked,Linus,Vivo,Apex,2020,Vivo Apex 2020,concept phone,MWC,cancelled,GDC,GDC cancelled,wireless charging,no ports,phone,phone with no ports,no buttons,under-display camera
BcqaQzZ3T-8,Techlinked,netlinked,Linus,Firefox,DNS over HTTPS,DNS,doH,encryption,privacy,security,Cloudflare,Firefox DNS,Firefox encryption,safest browser,safest web browser
oyoT4Dme8q0,Techlinked,netlinked,Linus,Xbox Series X,specs,hardware,processor,graphics card,graphics,GPU,CPU,RAM,SSD,storage,performance,games,backwards compatibility,features,release date,price
2kKmw1MEKR4,Techlinked,netlinked,Linus,iPhone 9,all-glass,iPhone,all-glass iPhone,all glass,screen,buttons,ports,no buttons,wireless charging
Bvf7UfTn0Nk,Techlinked,netlinked,Linus,Android,11,Android 11,developer preview,features,release date,how to install,install android 11
n8F3q6PvL40,Techlinked,netlinked,Linus,foldable,foldables,foldable phone,Samsung Galaxy Z Flip,Motorola Razr,Galaxy Z Flip,Z Flip,ultra thin glass,bendable glass,scratch,durability,crack,screen,cracked screen,break,broken
rSwPBNu2Li8,Techlinked,netlinked,Linus,Eurocom,laptop,notebook,storage,28TB,28 terabytes,terabyte,SSD,4TB SSD,8TB SSD,upgrade laptop,upgrade storage,tech news,how to upgrade laptop,hard drive
8TjfpO_BPDI,Techlinked,netlinked,Linus,Nvidia,Geforce Now,Activision Blizzard,games,Overwatch,Call of Duty,Destiny 2,Activision,Blizzard,Geforce Now games,price,free
50x_F0uF3Fg,Techlinked,netlinked,Linus,SAmsung,Unpacked 2020,Galaxy Z Flip,Galaxy S20,Galaxy S20 Plus,Galaxy S20 Ultra,unveiling,specs,camera,features,vs,iPhone 11,8K,foldable,folding phone,launch date,price,details,hands on
7xDMV5QRrIY,Techlinked,netlinked,Linus,Samsung,Unpacked,2020,Galaxy Z Flip,Galaxy S20,Galaxy Buds Plus,Galaxy Buds +,Samsung Unpacked 2020,Unpacked 2020,Z Flip,folding phone
Rq77Atk5v-c,Techlinked,netlinked,Linus,iNTEL,cORE I9,Core i9 10900K,10900K,10th gen,Ice LAke,tiger lake,5.1GHz,clock speed,overclock,performance,vs,Ryzen,Anthony,Linus Tech Tips
qol3lIY5j4U,Techlinked,netlinked,Linus,Chinese CPU,Zhaoxin,KaiXian KX-U6780A,chip,processor,chinese,chinese processor,coronavirus,China,computer,x86
LKR_QHpghlA,Techlinked,netlinked,Linus,Microsoft,Windows 7,update,security,virus,protection,ESU,extended Security update,patch,download,software,Win7,upgrade
OK_NKF4EkoQ,Techlinked,netlinked,Linus,tech news,RX 5600 XT,RTX 2060,2060 KO,RTX 2060 KO,BIOS,vBIOS,update,update BIOS,how to update,clock speed,boost,performance
n_uWJsbwqoo,Techlinked,netlinked,Linus,Jeff Bezos hack,hack,Jeff Bezos,Mohammad Bin Salman,MBS,FTI Consulting,Crown Prince Mohammad Bin Salman,Saudi Arabia,Saudi Arabia hack,phone,Jeff Bezos phone hack,investigation,evidence,report
QUZ4Es6l0yU,Techlinked,netlinked,Linus,iPad Pro,fortnite,play fortnite,fortnite on iPad,120Hz,120 fps,framerate,refresh rate,tech news,linus tech tips
un9uq5rp_J0,Techlinked,netlinked,Linus,Steam,Chromebook,gaming,Chrome OS,gaming chromebook,gaming on chromebook,Steam on Chrome OS,Steam on Chromebook,install,install Steam on chromebook,Chrome OS games,Chrome OS gaming,how to install
pkwAxX6z9vo,Techlinked,netlinked,Linus,Macbook Pro,macOS,Catalina,Pro Mode,Mac Pro,Mac Pro Mode,Macbook Pro Mode,overclock,Mac,fan speed,boost,speed boost,gaming,gaming on mac,Mac gaming
zIg39iAkN0I,Techlinked,netlinked,Linus,Xbox Series X,exclusive,games,exclusive games,Xbox exclusive,Xbox Series X exclusive,Halo Infinite,Gears,Forza,release date,lineup,trailers,trailer
3pYvJODjmjI,Techlinked,netlinked,Linus,CES 2020,weird,tech,weird tech,weirdest tech,2020,CES,qoobo,Lovot,Julia,kitchen,opte,skin printer
_yWkr3wALHU,Techlinked,netlinked,Linus,CES 2020,trends,technology,news,8K TV,OLED,The WAll,bending,foldable,TV,devices,foldable devices,foldable laptops,gadgets,tech,The Wall TV,MicroLED,Mini LED,QLED,foldable notebook,foldable display
ulBnJSQwRyM,Techlinked,netlinked,Linus,CES,CES 2020,2020,tech news,Sony,car,playstation 5,sony car,sony vehicle,concept car,playstation 5 car,Gran Turismo
LSZ1xygUbOE,Techlinked,netlinked,Linus,CES 2020,Samsung,Neon,Samsung Neon,artificial human,digital human,assistant,8K,8K TV,OLED,8K OLED,Neon artifical human
IxVe8MyTll0,Techlinked,netlinked,Linus,Ryzen,4000,Ryzen 4000,Ryzen 7 4800U,4th gen Ryzen,laptops,AMD,AMD laptops,best laptop,best AMD laptop,CES,CES 2020,8-core,octa-core,most powerful,laptop,notebook,overclock
WLlpXtjISq4,Techlinked,netlinked,Linus,Xbox,series x,xbox series x,playstation 5,CPU,GPU,teraflops,12 TFLOPS,power,fps,framerate,4K,60fps,4K60,gameplay,specs,release date,dualshock
jp7cI1yqKw0,Techlinked,netlinked,Linus,Intel,Intel graphics card,intel graphics,DG1,Xe,GPU,Xe GPU,Intel Xe,specs,performance,review,benchmark,gaming,intel gaming gpu,gaming graphics card,PC gaming,Intel DG1
jU-WpueT-pc,Techlinked,netlinked,Linus,2019,tech news,roundup,biggest stories,biggest stories of 2019,tech stories,in tech,Christmas,Christmas special,TechLinked Christmas Special,tech,news,2019 tech news roundup,summary,holiday,8K yule log,Xmas
Kd0Fnx0QYhI,Techlinked,netlinked,Linus,subscribers,tech channel,biggest tech channel,MKBHD,LinusTechTips,Riley,James,Dennis,Yvonne,wife
WW83bvd-gc0,Techlinked,netlinked,Linus,New York Times,expose,report,tracking,cell phone tracking,location,data,sharing,location tracking,phone,spying,prevent,keep safe,stop tracking
9QU-CG-AN2c,Techlinked,netlinked,Linus,Connected Home over IP,Amazon,Apple,Google,Zigbee Alliance,smart home,open source,standard,smart home standard,open-source standard,IP,Internet Protocol,SmartThings,Signify,Philips hue,Ikea
qLYbgLNEDh4,Techlinked,netlinked,Linus,Intel,9920X,12-core,processor,overclocking,record,world record,highest overclock,best,performance,Intel vs AMD,AMD vs Intel,price,flagship
luxD93fVuvI,Techlinked,netlinked,Linus,Apple,Mac Pro,expensive,price,cheapest,most expensive,top,model,entry level,alternative,Mac Pro killer,PC Mac Pro,Pro Display XDR,wheels,cloth,clean,upgrade,best
P9fjcqbBdWQ,Techlinked,netlinked,Linus,China,ban,Huawei,U.s.,computer,equipment,technology,government,China ban,Huawei ban,FCC,China Securities,software,hardware,banned,U.S. ban
XO64KalCmQI,Techlinked,netlinked,Linus
BQe-TgQdFzw,Techlinked,netlinked,Linus
U1iO38abja0,Techlinked,netlinked,Linus,amd,EUROPE,ryzen,threadripper,stocks,cpu,processors,preferred,favorite,how many
PcQCpJYURlM,Techlinked,netlinked,Linus,Nvidia,G-Sync,adaptive-sync,variable refresh rate,VESA,displayport,AMD,Radeon,Freesync,monitor,best,best g-sync monitor,best freesync monitor,how to set up,g-sync amd,freesync nvidia,graphics card,gpu
I_eWpu2rXeA,Techlinked,netlinked,Linus,amd,RYZEN,threadripper,3990X,ryzen threadripper,threadripper 3000,3rd gen,64 cores,128 threads,processor,vs intel,benchmarks
37QqTlFzr6g,Techlinked,netlinked,Linus,Tesla,Cybertruck,debut,unveiling,Tesla event,Cybertruck event,design,Elon Musk,SpaceX
PSLFrqc7IPI,Techlinked,netlinked,Linus,Half Life,Half-Life: Alyx,Half-Life 3,Gordon Freeman,Alyx Vance,VR,Valve,flagship,new Half Life,VR game,trailer,gameplay,release date,Half-Life Alyx release date,Half-Life Alyx trailer,Half-Life Alyx gameplay,Half Life 2019,Valve News Network,VNN
UihEIyU028c,Techlinked,netlinked,Linus,Google Stadia,Google,Stadia,latency,Stadia latency,stadia gameplay,stadia launch,stadia games,how to play stadia,how to play,how stadia works,stadia price,review,stadia review,stadia performance,stadia launch lineup,destiny 2,input lag,stadia input lag,negative latency
3MpawrYca0k,Techlinked,netlinked,Linus,AMD,Ryzen 9,Ryzen 9 3950X,3950X,performance,benchmarks,review,vs,Intel,10th gen,processor,CPU,cores,threads,value,best processor,for gaming,for work
CYfQu1yO0vk,Techlinked,netlinked,Linus,Apple,macbook pro,16,16 inch,16 inch macbook pro,hands-on,review,benchmark,keyboard,magic keyboard,butterfly switch,escape key,touch bar,2019,impressions,New macbook
UcGH9XH147g,Techlinked,netlinked,Linus,Steam Cloud Gaming,Valve,game streaming,Stadia,cloud gaming,steam cloud,steam,cloud,gaming,subscription,premium,games,latency,streaming
2VSFnIm8TMQ,Techlinked,netlinked,Linus,Microsoft,Edge,Edge browser,Chromium,Chrome,vs,Microsoft Edge,web browser,logo,launch
OadjwPr3lP8,Techlinked,netlinked,Linus,Google,Apple,Fitbit,Google buys Fitbit,billion,wearables,pixel watch,apple watch,Google Fitbit,google watch,android wear,best fitbit
jCWCuDKC6xU,Techlinked,netlinked,Linus,gtx 1660 super,1660,Geforce,gtx,pascal,ampere,turing,gtx 1660 ti,review,performance,price,benchmarks,graphics card,best,2019
bJhES0J5sT4,Techlinked,netlinked,Linus,Intel,Core i9,9900KS,5GHz,clock speeds,silicon lottery,bin,core i9 9900KS,chip,processor,special edition,vs,Ryzen,price,launch,release,review,benchmarks,performance
lnrfDw8gYH4,Techlinked,netlinked,Linus,Google Home Mini,google,home,mini,bricked,fix,update,software,firmware,hack,hacked,broken,speaker,replace,replacement
th-zdW5Wr80,Techlinked,netlinked,Linus,Google,Quantum Computer,Quantum Supremacy,quantum,computer,supremacy,Sycamore,IBM,Summit,supercomputer,benchmark,milestone
CdHc-xnrpsI,Techlinked,netlinked,Linus,sony,playstation 5,playstation v,ps5,dev kit,console,performance,ray tracing,8k,design,v shape,render,leak,concept,release date,games,backwards compatibility
StKLjzP2z98,Techlinked,netlinked,Linus,Motorola,RAZR,foldable,folding phone,flip phone,RAZR foldable,event,you'll flip,motorola razr
rE-QUEUTjAs,Techlinked,netlinked,Linus,Overwatch,Nintendo Switch,Overwatch on Switch,Switch version,Switch,Blizzard,launch,cancels,Blizzard cancels launch,overwatch launch,protest,Hong Kong,boycott,blitzchung,glitches,lag,performance,online
h6uBB8nDenU,Techlinked,netlinked,Linus,Google,event,Pixel 4,made by Google,madebygoogle,Google Pixel 4,Pixel buds,nest mini,Pixelbook Go,hardware,news,launch,release,specs,hands on,review,New York,Nest Wifi,Nest Aware,Oh So Orange,google phone,pixel 4 impressions,google and gaps
qwNRqVyKXQo,Techlinked,netlinked,Linus,Intel,AMD,processors,7nm,process,cpu,7 nanometer,vs,Ryzen,Core X,Core i9,best,price,price to performance,stock price,market value
HwngqOuKAlk,Techlinked,netlinked,Linus,RX 5500,Radeon,AMD,Navi,architecture,performance,benchmarks,price to performance,5500,GTX 1650,RX 5500 vs GTX 1650,1080p gaming,PC gaming,budget,card,graphics card
d_YeOx_t0BQ,Techlinked,netlinked,Linus,Google,data,collection,collects your data,iPhone,iPHone 11 Pro,Project Zero,Android,vulnerability,0 day,zero day,exploit,hack,control,phones,Google You Owe Us,sensitive,billion
sldUebta4k0,Techlinked,netlinked,Linus,microsoft,neo,florida
PJd_WcOjv8I,Techlinked,netlinked,Linus,amazon,alexa,google,echo,loop,showcase,logitech,streamlabs,tech,news,apple,led,playstation,netflix,disney,snapchat,android,go,death,stranding,nvidia,1660,super,amd,graphics,cards
W0yWXpPfvcM,Techlinked,netlinked,Linus,microsoft,xclouds,xiaomi,display,180,showcase,alexa,amazon,impossible,burger,league,luxury,megabots,news,tech,korea,mi,mix
FvNiF0nN18o,Techlinked,netlinked,Linus,google,galaxy,fold,samsung,phone,review,showcase,tech,news,amazon,apple
dARfHkxbKOc,Techlinked,netlinked,Linus,vape,e-cigarettes,banned,flavoured,juul,ban,minors,regulation,order online,vape juice,best vape juice,ebay,illness,deaths,vape-related illness,e-cigarrete,vaporizer,laws,legislation,age,teens,teenagers
O8hoKuLaqdY,Techlinked,netlinked,Linus,Simjacker,sms,hack,vulnerability,adaptive mobile,text message,phone,exploit,location,tracking,disable,flaw,software,s@t browser
9uiv2ped5TI,Techlinked,netlinked,Linus,Pixel 4,leaks,Pixel 4 leaks,Pixel 4 video,camera,Pixel 4 specs,Pixel 4 XL,RAM,Soli,gestures,face unlock,iPhone 11,iPhone 11 Pro,Pixel 4 vs iPhone 11,Google Pixel 4,Google Pixel 4 XL
vXmfd9lqy-g,Techlinked,netlinked,Linus,Apple event,september,iPhone 11,iPhone 11 Pro,iPhone 11 Pro max,double cameras,triple cameras,pro photography,Apple Watch Series 5,camera,night mode,telephoto,iOS 13,Apple Arcade,Apple tv+
KLiAYa44Bao,Techlinked,netlinked,Linus,iPhone 11,Apple event,September,Apple,special event,iPhone 11 Pro,iPhone 11 Pro Max,iPhone 11R,price,release date,hands-on,review,impressions,2019,iPhone XI,iPhone XI Pro
wPt6WmrLEV4,Techlinked,netlinked,Linus,IFA 2019,Intel,real world,intel benchmarks,benchmarks,real world benchmarks,performance,marketing,Core i9,9900KS,Cascade Lake,processor
pyupLVoXjGg,Techlinked,netlinked,Linus,Android 10,Android Q,features,install,download,update,Live caption,Smart Reply,force,side load,side-load,sideload,release,notes,Pixel,Pixel 3,Pixel 2,Pixel 3a,Pixel 1,Oneplus,Samsung
DvUehu-R_Fw,Techlinked,netlinked,Linus,iphone,apple,google,phone,exploit,hack,malicious,facebook,ai,artificial,intelligence,plex,stream,valve,index,wow,world of warcraft,classic,launch,release
fG9ssxtJ-Ho,Techlinked,netlinked,Linus,lawsuit,google,apple,nvidia,chips,processors,TSMC,GlobalFoundries,patents,patent infringement,stealing,tech
Pt3V2mUR5Sw,Techlinked,netlinked,Linus,Epic Games Store,Epic,Games,Store,Fortnite,scandal,controversy,features,exclusive,exclusives,metro exodus
UHXXrAcqJM0,Techlinked,Linus,gamescom 2019,minecraft,RTX,minecraft rtx,ray tracing,support,nvidia,geforce,gameplay,mod,graphics,4k
dsKuLf047n8,Techlinked,netlinked,Linus,Bluetooth,Knob,KNOB,KNOB attack,knobattack,vulnerability,security,flaw,hack,bluetooth hack,encryption,brute force
Spfw10OX9RU,Techlinked,netlinked,Linus,Huawei,hacking,Uganda,Zambia,huawei technician,network,pegasus,intercept,messages,safe,spying,tariffs,sanctions,p30,africa
pXg2a9dyF3c,Techlinked,netlinked,Linus,Apple,jailbreak,hack,hacked,hacker,how to,iphone,XS,iphone X,XS Max,bug bounty,1 million,claim,1 million dollars,rewards,security,privacy
HkVjLZBO7MY,Techlinked,netlinked,Linus,AMD,Epyc,server,Epyc Rome,Epyc 7002,2nd gen,performance,cloud,launch,data center,processors,64 core,Huawei,harmony OS,open source,hong meng os
dRwa4IGRepM,Techlinked,netlinked,Linus,Apple Card,cryptocurrency,Bitcoin,Ethereum,Litecoin,buy,how to buy cryptocurrency,how to buy,Apple,Card,release date,launch,how to use,8chan,Cloudflare,Ddos,BitMitigate,Voxility
amd4sS3bOtA,Techlinked,netlinked,Linus,Capital One,hack,data breach,100 million,6 million,106 million,information,leaked,leak,SIN,social insurance numbers,what to do,what do I do,hacker,Paige Thompson,transgender,server,personal information
qQA7Zu-QgIg,Techlinked,netlinked,Linus,Google Pixel 4,pixel 4,soli,chip,radar chip,radar,gestures,Nintendo,Switch,Nintendo Switch,Switchroot,Android,LineageOS,hack,hekate,bootloader,how to install,streaming,how to,stream pc games to switch
IrgpEVoDgsY,Techlinked,netlinked,Linus,bethesda,quakecon,doom,doom 2,doom 3,xbox,de-listed,bnet,account,log in,sign in,required,online only,always online,apple,modem,business,apple buys intel,chip,network,5g
uC0GxoP0Hsw,Techlinked,netlinked,Linus,Facebook,fine,5 billion,USD,dollars,5 billion dollar fine,SEC,FTC,Cambridge Analytica,regulate Facebook,social media,monopoly,user data,collecting data,your data,RTX 2080 Super
-By0QtiVqcw,Techlinked,netlinked,Linus,Huawei,north korea,koryolink,panda,china,cellular network,smartphones,mate pro,surveillance,sanctions,broke the law,illegal,huawei ban,restrictions,banned
CabajLxntMo,Techlinked,netlinked,Linus,Faceapp,old,young,gender swap,wireless lab,russia,developer,upload,photos,stealing,personal information,data,hackers,russian,interference,FBI,investigation
TiUKeA40dk0,Techlinked,netlinked,Linus,Microsoft Office,Office 365,daily,Hesse,Germany,German schools,ban,windows 10,GDPR,privacy,Prime Day,deals,best deals,Amazon,ebay,Best Buy,prison,tech deals
KqZCFEThVcA,Techlinked,netlinked,Linus,AMD,Radeon VII,cancelled,discontinued,stock,deals,sale,price,Vega,Google,Assistant,Google Home,audio recording,audio,clip,private,information,recording,listening,leaked
nglvrs1dJ2U,Techlinked,netlinked,Linus,Huawei,license,entity list,banned,huawei ban,trump,allowed,spying,phones,Chinese,U.S.,Nintendo Switch Lite,joy-cons,gameplay,size,price
TJM-Qo0VZbs,Techlinked,netlinked,Linus,AMD,Ryzen 3000,Ryzen 7 3700X,Ryzen 9 3900X,performance,review,BIOS,Destiny 2,fix,glitch,boost clock,overclock,RX 5700,RX 5700 XT,podcast,RTX 2060,RTX 2060 Super,RTX Super series,RTX 2070 Super,RTX 2080 Super,vs Intel,9900K,single core
J7IOsDij0Sw,Techlinked,netlinked,Linus,Ryzen,3rd gen,3000,3600,3700X,3900X,Ryzen review,AMD,RX 5700,XT,benchmarks,android apps,permissions,data,collection,spying,hacking,malware,virus,how to,delete,uninstall
3tEVDwGnR4M,Techlinked,netlinked,Linus,ios 13,ios 13 developer beta,beta,features,how to install,facetime,gaze,correct,eye contact,Facetime Attention Correction,turn on,enable
RyAbyZ_DSaE,Techlinked,netlinked,Linus,RTX Super,2060 Super,2070 Super,RTX 2060 Super,RTX 2070 Super,Valve,Steam Summer Sale,Corgi,Grand Prix,prizes,wishlist,points,how to win,how to play,rules,steam sale,Valve Index,VR headset,knuckle controllers,VR
Cd58iupB0Mo,Techlinked,netlinked,Linus,Microsoft,Surface,tablet,dual screen,dual,display,touch,pen,surface pen,andromeda,centaurus,windows lite,OS,android apps,foldable,Android,hybrid,2020,raspberry pi 4,4K
ZoPi7O4HutM,Techlinked,netlinked,Linus,Libra,cryptocurrency,crypto,Facebook,Calibra,partners,MasterCard,Visa,app,how to use,install,Bitcoin,coin,Ethereum,news
c3rJYhzKXy0,Techlinked,netlinked,Linus,iPhone,5G,iPhone XI,Samsung,QLED,TV,virus,scan,malware,security,bug,attack,hack,smart TV,QLED TV,Apple,tech news,quantum dot display,galaxy fold
xui8EHeU430,Techlinked,netlinked,Linus,RTX,RTX Super,Super,RTX 2060,RTX 2070,RTX 2080,RTX 2080 Ti,2060 Super,2070 Super,2080 Super,2070 Ti,Nvidia,Geforce Super,ray tracing,cheaper,deals,discount,coupon code,vs,performance,benchmarks,RX 5700,RX 5700 XT
TIgKrc6Y5EM,Techlinked,netlinked,Linus,RX 5700,RX 5700 XT,Anniversary edition,Navi,GPU,graphics card,performance,Ryzen,3000,Ryzen 9 3950X,Geforce,RTX 2080 Ti,Super,Nvidia,2080 Ti Super,2080 Super,2070 Super,RTX,2060 Super,Pixel 4
lqAVld7USxs,Techlinked,netlinked,Linus,E3 2019,Xbox,Project Scarlett,8K,120Hz,120 fps,AMD,Zen 2,Navi,ray tracing,SSD,load times,games,exclusives,trailers,conference,livestream,2019,2020
RGaZdOd_Qqk,Techlinked,netlinked,Linus,Google,Huawei,Google Stadia,white house,Facebook,Russia,5G,security,latency,pricing,Destiny 2,Steam,Shadowkeep,Stadia
-YPxIxZtRYw,Techlinked,netlinked,Linus,Google Stadia,Stadia Connect,livestream,pricing,details,games,library,Stadia Pro,Stadia Base,purchase,buy,Netflix,subscription,service,how does Stadia work,price,google game,google gaming,stadia games,stadia release date,stadia console,stadia controller,Destiny 2,Shadowkeep,free to play
ZYGgelMdhuM,Techlinked,netlinked,Linus,Apple,WWDC,Mac Pro,Radeon,Pro Vega II Duo,iOS 13,iPadOS,iTunes,dead,PC,Windows,macOS,10.15,Catalina,mouse support,price,2019
WwiVDiybVts,Techlinked,netlinked,Linus,Apple,WWDC,Mac Pro,Xeon,28 core,Pro Display XDR,999,5999,keynote,sign in,iPadOS,iOS 13,Xiaomi,Oppo,notch,free,camera,under,display,phone
wiEbinb5hjM,Techlinked,netlinked,Linus,Xbox Game Pass,PC,Xbox,subscription,games,Halo PC,Steam,Win32,UWP,Huawei,Mate 20 Pro,Amazon,PC Gaming,vs,Project Xcloud
s_l2aqUGHJs,Techlinked,netlinked,Linus,Computex 2019,coverage,tech news,Ryzen 3000,3rd gen,Ryzen,Ryzen 9,3900X,24 threads,review,performance,Navi,GPU,RX 5700,X570,PCIe 4.0,RDNA,Ryzen vs Intel
txDeo9z-dQc,Techlinked,netlinked,Linus,SpaceX,Starlink,satellites,launch,Falcon 9,landing,Huawei,SD Association,Wi-Fi Alliance,JEDEC,kicked out,banned,phones,Huawei ban,Amazon,leak,data,nudes
AzktbDFtuWU,Techlinked,netlinked,Linus,Huawei ban,huawei,U.S.,executive order,explained,Trump,Chinese,companies,banned,phones,Google,Intel,ARM,chip,processors,P30 Pro,Honor
NvcKP3coRs8,Techlinked,netlinked,Linus,Huawei,Google,banned,America,U.S.,Trump,ban,Android,Play Store,Huawei phones,cut off,spying,evidence,proof
dWS_62In89A,Techlinked,netlinked,Linus,Intel,hyperthreading,CPU,overclock,Zombieload,speculative execution,RIDL,MDS,Fallout,security,bug,vulnerability,hack,attack,AMD,processors,CPUs
ZDC8QVuc5Xo,Techlinked,netlinked,Linus,Apple,Supreme Court,App Store,third party,3rd party,iOS,apps,install,how to install,iPhone,monopoly,Kavanaugh,Radeon,RX 640,630,625,Bitcoin,Flexa
dm6omOxkGr4,Techlinked,netlinked,Linus,Jeff Bezos,Blue Origin,Blue Moon,Space,moon,lander,lunar,break up facebook,facebook,mark zuckerberg,should we break up,chris hughes,op-ed,new york times,Google,I/O 2019,Fuschia OS,vs,Android,apps,Fuschia,linux
5OjquD4ZH-g,Techlinked,netlinked,Linus,Google,Pixel 3a,I/O 2019,Nest Hub Max,Android Q,Android Q beta 3,dark mode,gestures,live captions,ar maps,ar,Lens,privacy,Assistant,AMD,Radeon,RX 3080,XT,Navi,GPU,7nm,launch
nwhM9UZCZ20,Techlinked,netlinked,Linus,Epic Games,Epic Games Store,Rocket League,Psyonix,exclusive,games,bought,purchased,acquired,owns,Epic,vs,Steam,eSports,features,Apex Legends
WK6khtDDkls,Techlinked,netlinked,Linus,Tesla,Full Self Driving,FSD,chip,computer,dual,redundant,TOPS,best chip,in the world,Elon Musk,deadlines,2020,robotaxi,self-driving,cars,autonomous,Tesla Autonomy Day
5sgoYzl81CA,Techlinked,netlinked,Linus,Valve Index,VR headset,Valve,Index,price,release date,review,hands on,Facebook,F8,developer conference,messenger,Instagram,likes,Oculus Quest,Oculus Rift S,Huawei,vodafone,bloomberg,report,spying,caught,evidence,Chinese,government
VYIhM4FwmcE,Techlinked,netlinked,Linus,Ryzen,anniversary,radeon vii,gold,motorola,razr,folding phone,folding,screen,nubia,red magic,red magic 3,cooling fan,phone,overheating,8k,video
JuvrBqmtbm4,Techlinked,netlinked,Linus,Samsung,Galaxy Fold,teardown,censor,review,damage,issues,broken,screen,display,black screen,ifixit,failure,take down,epic games store,revenue,split,exclusive,steam
MmeJU4FMVGk,Techlinked,netlinked,Linus,SpaceX,Dragon,explosion,accident,crew,capsule,Galaxy Fold,problems,issues,glitch,screen,display,broken,flickering,Samsung,fold,folding phone,teardown,fix,Huawei,CIA,report,chinese,government,spying,five eyes,security
lT0N1zBjVcQ,Techlinked,netlinked,Linus,Playstation 5,ray tracing,Navi,GPU,Apple,Qualcomm,Intel,5G,modem,settlement,lawsuit,patent,dispute,litigation,sued,iphone 11,iphone Xi,Galaxy Fold,bendgate,screen protector,issue
ePvIgtAt4no,Techlinked,netlinked,Linus,EA,Respawn,Jedi: Fallen Order,single player,game,story,loot boxes,evil,worst,trailer,Star Wars,EA Star Wars
HfqkMOtnuZY,Techlinked,netlinked,Linus,Star Wars,Episode IX,The Rise of SKywalker,trailer,reaction,best,worst,good,is it good,Disney+,streaming,service,subscription,exclusive,tv show,Mandalorian,WandaVision,Rey skywalker,Kylo Skywalker,Palpatine,Skywalker,JJ Abrams
jvibwNRUNxA,Techlinked,netlinked,Linus,Nvidia,GTX 1650,graphics card,cheap,affordable,best,budget,GPU,GTX,1650,1660,2050,RTX,Geforce,ray tracing,worth it,should I buy
tIXse8MtbGo,Techlinked,netlinked,Linus,RTX 2080 Ti,Nvidia,Ray Tracing,overclock,clock speed,Linus Tech Tips,Dennis,vs,benchmark
lYzdUqtPPwg,Techlinked,netlinked,Linus,Intel,Xeon,Scalable,SP,AP,Cascade Lake,56 core,server,Optane DC,persistent memory,Facebook,password,email,security,hack,breach,data,regulation
jWkecKB_O50,Techlinked,netlinked,Linus,EU,European Union,European Parliament,Copyright Directive,Article 11,Article 13,Article 15,Article 17,link tax,upload filter,free internet,dark day,internet freedom,Europe,internet
9TPbFSwdnjI,Techlinked,netlinked,Linus
FeAMpG4KbEc,Techlinked,netlinked,Linus,Apple,iPad Air,iPad mini,2019,A12,new,android,security,antivirus,malware,best android,app,android vs ios
u85fiyX_FcM,Techlinked,netlinked,Linus
2Or5ePGbh1I,Techlinked,netlinked,Linus
Jz2U5CnkO8M,Techlinked,netlinked,Linus
JdoH7AWJVNQ,Techlinked,netlinked,Linus,Intel,Spoiler,vulnerability,Spectre,fix,meltdown,shutdown,processors,CPU,tech news,Xbox,Xbox One,Maverick,AMD,hack,hacked
9M8FzipwYtk,Techlinked,netlinked,Linus,Thunderbolt 3,USB4,USB 3.2,Gen 2,2x2,USB Type C,explained,40 Gbps,gigabits,per second,20,40,Xbox One,GAme Pass,Anthem,PS4,crashes,brick,console,glitch,problems,issues,fix
AyCQipiG6CI,Techlinked,netlinked,Linus,Youtube,disables,comments,disabling,demonetized,monetization,children
xGh0QX7YvaM,Techlinked,netlinked,Linus,USB,USB 3.2,USB 3.1,USB 3.2 Gen 2x2,SuperSpeed,20 Gbps,Gbps,bandwidth,standard,USB 4
CjgxCEVjOv8,Techlinked,netlinked,Linus
MmOpzbBsr8E,Techlinked,netlinked,Linus,GTX 1660 Ti,Geforce,1660,1660 Ti,graphics card,Nvidia,Turing,ray tracing,Xbox One,Xbox Game Pass,Project Xcloud,Nintendo Switch,game streaming,Halo,Gears of War,Play HAlo,on Switch,Intel graphics card
stbfrKzJQHg,Techlinked,netlinked,Linus,Huawei,spying,Chinese,government,5G,networking,US,UK,Australia,Europe,copying,Apple,trade secrets,foldable phone,TCL,Bioware,Anthem,review,problems,issues,loading screens,gameplay,story
vng1eJyoL5w,Techlinked,netlinked,Linus,JP Morgan,JPM Coin,cryptocurrency,Bitcoin,Ethereum,price,value,stable coin,GPT2,OpenAI,Elon Musk,AI,fake news,generator,Tetris 99,Link's Awakening,Tetris,battle royale,how to win
vjnLo1sLo7s,Techlinked,netlinked,Linus,PC Gaming,Metro Exodus,ray tracing,NVidia,RTX,DLSS,launch,Battlefield V,support,antivirus,malware,best,malwarebytes,app,anti-virus,security,windows,macos
uivLhffCt4E,Techlinked,netlinked,Linus,AMD,Radeon VII,UEFI,secure boot,support,Vega 2,Vega II,Navi,Nvidia,GTX 1660 Ti,Geforce,leak,Mobile World Congress,MWC,2019,Folding phone,Samsung,Microsoft,Hololens 2,Google Maps,augmented reality,AR
rJ8hLOR9nbE,Techlinked,netlinked,Linus,AMD,Radeon,Radeon VII,review,Vega,Vega 2,Navi,iPhone,screen recording,iOS,Huawei,5G,security,AT&T,5G Evolution,5G E
-_Eh_s-yhr0,Techlinked,netlinked,Linus,Samsung,s pen,patent,camera,galaxy s10,s10e,Sony Xperia,XA3,Apple,iPhone,5G,5G E,iOS 12.2,Ultrawide,phone
zqxZWtgMzds,Techlinked,netlinked,Linus
6CPXGQ0zoJE,Techlinked,netlinked,Linus,SAmsung,foldable phone,galaxy s10,Galaxy F,Apple,Google,Facebook,blocks,iOS,apps,Collection 1,Collection 2,data,hack,breach,dump,FAcebook Research,Screenwise Meter
Z_p0XM94D7Q,Techlinked,netlinked,Linus,Epic Games Store,vs,Steam,Metro Exodus,exclusive,PC gaming,PC gamer,refunds,Intel,Xeon,W-3175X,Facebook,Project Atlas,Facebook Research,paid,app,teens,Apple
SqpbJGvpto4,Techlinked,netlinked,Linus,Apple,iPod,2019 iPod,iPod touch,iPod X,Bluetooth 5.1,tracker,bluetooth,game streaming,service,Apple gaming,Macbook gaming
2H3U0ObWbBQ,Techlinked,netlinked,Linus
zlDiWv-Ke4c,Techlinked,netlinked,Linus,DNS,hack,Department of Homeland Security,emergency,emergency order,cyber attack,iran,macbook pro,2016,2017,2018,2019,issues,glitch,problems,flexgate,bendgate,butterfly keyboard,Apple,xiaomi,folding phone
A1gmVZJmbL8,Techlinked,netlinked,Linus,Nvidia,Geforce,GTX,1160,1660 Ti,non RTX,ray tracing,2019,AMD,Radeon,Radeon VII,Radeon 7,vs,benchmarks,specs,hack,leak,collection 1
SXI0YTCtXmY,Techlinked,netlinked,Linus,Super Nintendo,SNES,Switch,Online,canada,drones,regulation,government shutdown,robocalls,1TB SD card,Soulja Boy,Soulja Game,Soulja Watch
1795d614zcY,Techlinked,netlinked,Linus,CES 2019,trends,self driving,autonomous,cars,vehicles,trucks,AI,deep learning,machine learning,5G,Google Assistant,Alexa,Lovot,Bell Nexus,tech,best,coolest,tech news,Radeon VII,Vega 2,AMD,launch,vs,RTX 2080,ray tracing
6FHzCS6iwvc,Techlinked,netlinked,Linus,CES 2019,Royole,Flexpai,folding phone,bend,flexible,display,Bell Nexus,Uber,air taxi,HTC Vive Pro Eye,Vive Cosmos,wireless,VR,Intel,10nm,Ice Lake,Lakefield,240Hz,gaming laptop,Hyundai Cradle,Elevate,walking car
V2UDvKojIjI,Techlinked,netlinked,Linus,RTX 2060,GTX 1160,RTX 2050,GTX 1150,Apple,China,india,Foxconn,move,production,iPhone,XS,XR,Max
td13g1e3uJQ,Techlinked,netlinked,Linus,2018,tech news,biggest,stories,year,riley,riley murdock,rtx,ray tracing,dlss,games,support,list,facebook,scandals,privacy,security,breach,problems,issues,notch,phone,crypto,2019,price
m95_dwVAJCc,Techlinked,netlinked,Linus
Ge-awxdGFN8,Techlinked,netlinked,Linus,Chrome,Edge,chromium,google,youtube,switch,edge developer,market share,chrome vs ede,windows sandbox,windows 10,october update,facebook,data,partners,lawsuit,cambridge analytica,washington,d.c.,attorney general
7V9_HGzK3oU,Techlinked,netlinked,Linus,iphone xs,iphone xr,iphone xs max,lawsuit,california,text,tax,sacramento,texting,steam,pc,xbox,cross platform,cross play,multiplayer,xbox one,steam cross platform
ZaL7vgfMdWY,Techlinked,netlinked,Linus
meA8TiMD2hk,Techlinked,netlinked,Linus
7aO8Ft5E2nY,Techlinked,netlinked,Linus
POSAUm76tEo,Techlinked,netlinked,Linus
e6D3NIowVxM,Techlinked,netlinked,Linus
adOZGQ_KxRA,Techlinked,netlinked,Linus,Microsoft,Surface,Surface Studio,Andromeda,phone,Marriot,hack,breach,data,personal information,Lenovo Z5S,camera,cut out,hole punch,Huawei Nova 4
MlmOYmcK3sc,Techlinked,netlinked,Linus
5d3kJBAJHsE,Techlinked,netlinked,Linus,super smash Bros ultimate,Nintendo switch,hacked,leaked,pirated,download,intel,comet lake,10 core,CPU,processor
Vbofa3O8U4M,Techlinked,netlinked,Linus
qas_oHj3cIY,Techlinked,netlinked,Linus,SteamVR,Valve,VR,Headset,Half LIfe VR,HLVR,news,prequel,Half Life,Half Life 3,Apple,T2,chip,security,repair,Amazon,Xbox,X018,Keyboard mouse,Xbox One,Fortnite
ZJdB9KwrE9s,Techlinked,netlinked,Linus
5RTQKdJ79XY,Techlinked,netlinked,Linus
IbIj4K1BmFk,Techlinked,netlinked,Linus
8Ae2r2IaNGI,Techlinked,netlinked,Linus,RTX 2070,Nvidia,GPU,RTX,2070,vs,GTX 1080,1080 Ti,Google,EU,European Commission,Android,free,open source,fine,Huawei,Mate 20,Mate 20 Pro,apps
1H-QtsFoelI,Techlinked,netlinked,Linus,Intel,9th gen,Core i9,9900K,Principled Technologies,benchmarks,controversy,scandal,review,retesting,testing,PS4,hack,message,brick,console,canada,5G,huawei,spying,China,chip,supermicro
QFHN8zJ672c,Techlinked,netlinked,Linus,Razer Phone 2,Razer,Blade,Raiju,Samsung Galaxy A9,quad camera,2018,gaming phone,Facebook hack
fdFCeJGWJOw,Techlinked,netlinked,Linus,Microsoft,streaming,Xbox,game streaming,Project Xcloud,Xcloud,mobile,tablet,Halo,PC,play Halo on PC,play Halo on android,play Halo on iPhone,Intel,Core i9 9900K,benchmark,controversy,testing,Principled Technologies,paid,shill,Facebook Portal,video calling,spying,camera,home
fF9iIPs2s40,Techlinked,netlinked,Linus,Made By Google,Pixel3,Pixel 3XL,Pixel 3 XL,3XL,phone,leak,reveal,unveil,event,hardware,Google,2018,Oct. 9,Pixel Slate,Pixelbook,Google Home Hub,Google Smart Display,Ok Google,Hey Google,price,features,hands on,first impressions,first look
U9wQ-sG7HfY,Techlinked,netlinked,Linus,Microsoft,Surface,event,2018,Oct. 2,Surface Pro 6,Surface Laptop 2,Surface Studio 2,Surface Headphones,Windows 10 October Update,Your Phone,Cloud Clipboard,DXR,RTX,ray tracing,Harry Potter,RPG,game,Rocksteady,Avalanche Software,trailer,gameplay
l8sChz8zmJs,Techlinked,netlinked,Linus,Apple,iphone XS,battery,charging,problems,issues,chargegate,FAcebook,data breach,hack,hacked,jailbreak,gdpr,Net Neutrality,california,Ajit Pai,FCC,law
E4wCzO0KOKA,Techlinked,netlinked,Linus,Amd,Radeon,GPU,Polaris,Vega,2018,launch,Oculus,Oculus Quest,VR,standalone,wireless,room scale
3PVBztO5KTc,Techlinked,netlinked,Linus,Amazon,Echo,Alexa,Echo Dot,Echo Plus,Echo Auto,Echo Sub,Echo Show,Alexa microwave,Echo LInk,Echo Input,Chrome OS,Nocturne,Pixelbook,Pixel 3,NCIX,data,breach,server,leak,customer,credit card,security,2018
F3uj04LhaBY,Techlinked,netlinked,Linus,RTX 2080,RTX 2080 Ti,Geforce,RTX,review,release,DLSS,SpaceX,Moon,BFR,passenger,space,tourism,Google Home Hub,Pixel 3,XL,Smart Display,Google Assistant
3UKbSTRBobY,Techlinked,netlinked,Linus,Nvidia,RTX,Geforce,delay,2080 ti,2080,2070,Huawei,folding phone,Samsung,2019,Nintendo Switch,NES controller
f9hKHDwmddY,Techlinked,netlinked,Linus,Nvidia Scanner,overclocking,one-push,one-click,GPU,overclock,your,graphics card,Nvidia,RTX,Ray tracing,release,launch,DLSS,RTX 2080,Ti,RTX 2070,Nintendo Direct,Isabelle,Smash
qKGWTqppQRc,Techlinked,netlinked,Linus,Pixel 3,Pixel 3 XL,iPhone XS,Apple Watch 4,Google Pixel,notch,IFA 2018,Lenovo Thinkpad X1,Extreme
dTKYO5J8D7c,Techlinked,netlinked,Linus,IFA 2018,IFA2018,IFA,Acer,Triton 900,convertible,gaming laptop,2-in-1,Swift 7,Swift 5,Predator X,Intel Xeon,streaming,gaming,OJO 500,Windows,MR,Mixed Reality,Thronos,gaming cockpit,gaming chair,Google,Wear OS,Facebook Watch
DqKvB7vxLZs,Techlinked,netlinked,Linus,Freesync,AMD,Nvidia,Geforce,RTX,GPU,vs,G-Sync,Freesync on nvidia,Radeon,iPhone,iPhone X,iPhone X 2018,iPhone 2018,launch,leak,release date,design,Google,Pixel 3,Pixel 3 XL
RWKghGMYZaQ,Techlinked,netlinked,Linus,Twitch Prime,Ads,ad free,block ads,adblock,twitch,prime,perks,Amazon,Valve,Dota 2,The International,Steam.tv,streaming,Steam Play,Linux,Steam,Windows,Proton,Wine,Geforce RTX,Nvidia,RTX 2080,RTX 2080 Ti,RTX 2070,ray tracing,DLSS,performance
H8aCHU0egl8,Techlinked,netlinked,Linus,Nvidia,Geforce,RTX,RTX 2080 Ti,RTX 2080,RTX 2070,ray tracing,turing,tensor core,real time,Steam.tv,Valve,Steam,streaming,competitor,how to,vs,Vega,Apple,USB C,Type C,USB
feDLxzjvI3g,Techlinked,netlinked,Linus,Nvidia,Geforce,RTX,Geforce RTX,RTX 2080,RTX 2070,Turing,YouTube,Signature devices,device report,iphone,Intel,foreshadow,spectre,meltdown
viZ1TUfVINU,Techlinked,netlinked,Linus,Samsung,Unpacked,Unpacked 2018,Galaxy Note 9,S pen,Bluetooth,Galaxy Watch,Galaxy Home,Bixby,Fortnite,Fortnite Android,exclusive,install,how to install fortnite,Android,Discord,Discord Store,Steam,Discord Nitro,Canada,Nvidia,RTX 1180,GTX 1180,RTX 2080,GTX 2080
gIZ_k-Un9b8,Techlinked,netlinked,Linus,Google,Pixel 3,Pixel 3 XL,leak,notch,review,specs,Hololens,Magic Leap,Magic Leap One,Creator Edition,Lightwear,Lightpack,Control,Super Smash Bros Ultimate,Nintendo Direct,Simon Belmont,Richter,King K.Rool,Dark Samus,Chrom,2018,August
wXZ4H7pFoNc,Techlinked,netlinked,Linus,AMD,Zen,Vega,Ryzen,console,Chinese,Windows,PC,Gaming Pc,Apple,trillion,company,value,worth,1 trillion,dollars
zuWLM1se8KA,Techlinked,netlinked,Linus,Nvidia,next-gen,next gen,Turing,11 series,GTX,20 series,1180,1170,1160,Gamescom,Logitech,Blue Microphones,Blue,yeti,Snowball,purchase,acquires,Apple,trillion,dollar,iphone X,2018,iphone X plus
w8qukFVcCys,Techlinked,netlinked,Linus,Intel,9th gen,core i9,core i7,core i5,i9-990K,i7-9700K,i5-9600K,launch,release date,review,2018,Macbook,Pro,Macbook Pro,throttling,thermal throttling,Dave Lee,Dave 2D
n2LsBWoTMgU,Techlinked,netlinked,Linus,Xbox,Two,Xbox Two,Xbox Scarlett,game streaming,console,2019,2020,Nvidia,AMD,vs,PS5,Playstation 5,SAmsung,Galaxy Watch,leak,Tizen OS,Wear OS,Apple,repair,videos,internal,macbook,imac,iphone x,camera
bsg2UGTAC6w,Techlinked,netlinked,Linus,Android,Fuchsia OS,Fuchsia,OS,Chrome OS,Data Transfer Project,Facebook,Google,Twitter,Microsoft,transfer,Drive,OneDrive,Western Digital,WD,hard drive,SSD,storage,NAND
0vPvk9XyHVM,Techlinked,netlinked,Linus,2018,Macbook,Intel,Core i9,9th gen,refresh,reboot,True Tone,touch bar,touch id,overheating,thermal,throttling,performance,issues,Dave Lee,dave 2d,review,2018 Macbook,Macbook Pro 15 (2018),EU,Google,Android,fine,5 billion,European Commission,USB C,Type C,USB,VirtualLink
EmReD1uS-Gw,Techlinked,netlinked,Linus,PC,steam,sales,Mac vs PC,PC vs Mac,Mac,vs,Uber,spotlight,silicon x,batteries,gaming
YUwsSeEgh7A,Techlinked,netlinked,Linus,Macbook,Core,i7,i9,Core-X,8th gen,eighth-gen,Intel,Macbook 2018,refresh,touch bar,Xeon,Xeon E,Coffee Lake,Magic Leap,summer,2018,augmented reality,AR,goggles
zdl1XncKnPk,Techlinked,netlinked,Linus,keys,ncix,memory express,Surface Go,mini,Surface,Microsoft,pentium,tablet,computer,2-in-1,intel,cascade lake-x,cascade,lake,28-core,chip,CPU,processor,Xeon,Scalable,platinum,YouTube,incognito,app,mode,fake news
DT50aR9JRCY,Techlinked,netlinked,Linus,Keys,AMD,EPYC,Ryzen,CHina,Hygon,HMC,THATIC,Dhyana,CPU,threadripper,4G,5G,Samsung,S9,S9+,S10,S10+,5G networks,speed,gigabit,Gbps,Microsoft,Surface,Andromeda,phone
oQRrG3sYy4g,Techlinked,netlinked,Linus,Intel,9th gen,Core,i3,i5,i7,i9,Whiskey Lake,Coffee Lake,cpu,processors,apps,spying,listening,screen record,record,screen,screen recording,facebook,spy,ads,samsung,messages,photo
Zp1moJ29anw,Techlinked,netlinked,Linus,riley,murdock,ncix,keys,Microsoft,andromeda,surface,dual screen,foldable,folding,phone,2018,google,console,gaming,streaming,project yeti,e3,Nvidia,1180,Geforce,GTX,11 series,Turing,GPU,China,laser,rifle,assault rifle,laser rifle,gun
E-G19YsDrsg,Techlinked,netlinked,Linus,sd,ssd,128,terabyte,tb,g-sync,monitor,1440p,4k,120hz,144hz,gaming,display,five,camera,smartphone,depth,ios,ios12,public,beta,cheater,cheating,cheat,code,overwatch,florida,bitcoin,czar,banned,computers,wpa3,announced,blurry,shenanigans
ZGYzEqaOrG8,Techlinked,netlinked,Linus,micron,gddr6,ram,memory,gpu,video,card,nvidia,amd,dram,price,fixing,samsung,sk hynix,monopoly,microsoft,thin,usb-c,gamepad,razer,keyboard,chroma,apple,noise,cancelling,headphones,airpods,earbuds,macbook,sticky,repair,fix,free,switch,flip,grip,world's,smallest,computer,michigan,research
MfI9QDxvyAU,Techlinked,netlinked,Linus,nvidia,geforce,gtx,zte,us,senate,trade,sanction,samsung,vibrating,screen,speaker,bezel,botnet,ddos,attack,google,health,doctor,emergency,android,messenger,desktop,facebook,video,ad,brave,browser,advertisement
-bjCeWG4YCg,Techlinked,netlinked,Linus,amd,intel,i7-8086k,threadripper,giveaway,youtube music,youtube premium,acer,asus,4k,144 hz,chroma subsampling,google translate,pokemon go,trading,iphone 3gs,foxconn,milwaukee,fox,tv,commercials,unbreakables
XRxbhF8Xm3s,Techlinked,netlinked,Linus,america,china,supercomputer,race,fast,computing,nvidia,infinite,resolution,patent,duda,google,open,source,public,domain,cpu,coolers,noctua,computex,boring,company,flamethrower,solid,state,wearable,button,apple,watch,gaming,e3,video,games,halo,gears 5,gears of war,elder scrolls,skyrim,tes6,battlefield,battlefield 5,battlefield v,battle,royale,pubg,fortnite,player unknown's battlegrounds
zfEuoh2G838,Techlinked,netlinked,Linus,NCIX,daily,OnePlus 6,launch,review,glass,android,2018,Honor 10,Microsoft,Surface Hub 2,tech news
1S5xhuH2DWE,Techlinked,netlinked,Linus,NCIXKeys,Keys,Riley Murdock,Intel,Z390,chipset,Coffee Lake,Efail,email,encryption,Apple,lawsuit,butterfly,keyboard
D6-sqJi9lL8,Techlinked,Netlinked,Linus,NCIXKeys,Boston Dynamics,SpotMini,Atlas,Steam Link,Steam video,app,Android,iOS,Net Neutrality,PC,games,phone,play
kulPdl27Ubc,netlinked,techlinked,linus,riley,tech,tips,news,update
